UMAP 1,UMAP 2,Cluster,Seq ID,Variant,Pango lineage,Collection date
-6.0535345,-44.675896,6,EPI_ISL_8817484,Omicron,BA.1,2022-01-07
-5.9365826,-44.51168,6,EPI_ISL_10841450,Omicron,BA.1.20,2022-02-22
-4.631461,-42.59758,6,EPI_ISL_12842209,Omicron,BA.1.1.14,2022-01-11
-6.1472807,-44.6992,6,EPI_ISL_11245781,Omicron,BA.1.17.2,2022-03-07
-6.0849075,-44.535217,6,EPI_ISL_8853077,Omicron,BA.1.17.2,2022-01-11
-4.506746,-42.425743,6,EPI_ISL_13481941,Omicron,BA.1.18,2022-01-23
-6.334797,-44.855488,6,EPI_ISL_9841685,Omicron,BA.1,2022-02-05
-6.256691,-44.847763,6,EPI_ISL_9221093,Omicron,BA.1.15.1,2022-01-07
-6.077031,-44.605507,6,EPI_ISL_9768717,Omicron,BA.1,2022-02-02
-6.1394176,-44.71496,6,EPI_ISL_10541794,Omicron,BA.1.17.2,2022-02-18
-6.108259,-44.67573,6,EPI_ISL_9827575,Omicron,BA.1.17.2,2022-02-03
-6.084793,-44.66013,6,EPI_ISL_9593600,Omicron,BA.1.15,2022-01-24
-6.19425,-44.644447,6,EPI_ISL_9431742,Omicron,BA.1,2022-01-18
-6.006748,-44.597527,6,EPI_ISL_9021871,Omicron,BA.1.18,2022-01
-6.069273,-44.70697,6,EPI_ISL_11778911,Omicron,BA.1.15,2022-01-07
-6.1083555,-44.676003,6,EPI_ISL_8945309,Omicron,BA.1.15.1,2022-01-12
-6.139497,-44.66015,6,EPI_ISL_8260423,Omicron,BA.1.15,2021-12-17
-6.131706,-44.69967,6,EPI_ISL_9651780,Omicron,BA.1,2022-01-31
-6.147358,-44.613388,6,EPI_ISL_10478880,Omicron,BA.1,2022-02-15
-6.045685,-44.58999,6,EPI_ISL_8923144,Omicron,BA.1,2022-01-13
-6.0848866,-44.652473,6,EPI_ISL_8381996,Omicron,BA.1,2021-12-22
-6.2098846,-44.76182,6,EPI_ISL_9693367,Omicron,BA.1,2022-01-04
-6.202038,-44.761963,6,EPI_ISL_10197805,Omicron,BA.1.15.1,2022-02-14
-6.1473427,-44.714893,6,EPI_ISL_9955506,Omicron,BA.1.20,2022-01-31
-6.084943,-44.65238,6,EPI_ISL_10743226,Omicron,BA.1.17.2,2022-02-19
-6.022151,-44.652348,6,EPI_ISL_11451612,Omicron,BA.1.15.1,2022-03-04
-6.123727,-44.691547,6,EPI_ISL_10484487,Omicron,BA.1,2022-02-16
-6.1240025,-44.714916,6,EPI_ISL_8390500,Omicron,BA.1.15,2021-12-21
-6.037841,-44.613106,6,EPI_ISL_8814825,Omicron,BA.1.17.2,2022-01-10
-6.108366,-44.644604,6,EPI_ISL_14134663,Omicron,BA.1.17.2,2022-01-31
-6.0613384,-44.621193,6,EPI_ISL_12749946,Omicron,BA.1,2022-01-11
-6.1002865,-44.66027,6,EPI_ISL_8853020,Omicron,BA.1.17.2,2022-01-10
-6.09262,-44.68326,6,EPI_ISL_9129526,Omicron,BA.1,2022-01-19
-6.053608,-44.5822,6,EPI_ISL_9779173,Omicron,BA.1.17.2,2022-02-02
-6.108325,-44.65236,6,EPI_ISL_9248930,Omicron,BA.1.15.1,2022-01-20
-6.1630096,-44.738396,6,EPI_ISL_10787854,Omicron,BA.1,2022-02-05
-6.0614014,-44.683647,6,EPI_ISL_10013657,Omicron,BA.1.20,2022-02-08
-6.178623,-44.738342,6,EPI_ISL_10256490,Omicron,BA.1,2022-02-10
-5.9519606,-44.582123,6,EPI_ISL_8821086,Omicron,BA.1,2022-01-05
-6.0769672,-44.597797,6,EPI_ISL_9984931,Omicron,BA.1,2022-01-28
-6.108385,-44.660057,6,EPI_ISL_9562389,Omicron,BA.1.15.1,2022-01-29
-6.225195,-44.761665,6,EPI_ISL_9297098,Omicron,BA.1,2022-01-23
-6.2411575,-44.793133,6,EPI_ISL_9932134,Omicron,BA.1,2022-01-24
-6.3348656,-44.941616,6,EPI_ISL_12109459,Omicron,BA.1.15,2022-03-31
-6.1548786,-44.722736,6,EPI_ISL_9820058,Omicron,BA.1.17.2,2022-02-05
-6.076989,-44.60559,6,EPI_ISL_11168803,Omicron,BA.1.17,2021-12-23
-6.092866,-44.644577,6,EPI_ISL_9188143,Omicron,BA.1.17,2022-01-10
-6.1083317,-44.675945,6,EPI_ISL_10761123,Omicron,BA.1,2022-02-19
-6.077118,-44.597717,6,EPI_ISL_10210467,Omicron,BA.1,2021-12-22
-6.123886,-44.69143,6,EPI_ISL_9599465,Omicron,BA.1.17.2,2022-01-28
-6.061222,-44.64456,6,EPI_ISL_9335070,Omicron,BA.1.15,2022-01-14
-6.0926647,-44.660236,6,EPI_ISL_9640591,Omicron,BA.1.5,2022-01-31
-6.0456877,-44.59781,6,EPI_ISL_8816990,Omicron,BA.1.15,2022-01-06
-6.022394,-44.574516,6,EPI_ISL_8975707,Omicron,BA.1.17.2,2022-01-04
-6.092493,-44.668053,6,EPI_ISL_9226823,Omicron,BA.1.15.1,2022-01-02
-4.717802,-42.691494,6,EPI_ISL_11071442,Omicron,BA.1,2022-02-17
-6.092551,-44.69151,6,EPI_ISL_8823700,Omicron,BA.1.17.2,2022-01-09
-6.3112984,-44.82415,6,EPI_ISL_11602794,Omicron,BA.1,2022-02-24
-6.0849724,-44.683517,6,EPI_ISL_8790467,Omicron,BA.1,2022-01-05
-6.131813,-44.683605,6,EPI_ISL_8843540,Omicron,BA.1,2022-01-05
-6.1863117,-44.699314,6,EPI_ISL_9414805,Omicron,BA.1.9,2022-01-11
-6.1472244,-44.699226,6,EPI_ISL_10830193,Omicron,BA.1.15,2022-02-03
-5.975563,-44.542953,6,EPI_ISL_9073474,Omicron,BA.1,2022-01-10
-4.7097106,-42.886864,6,EPI_ISL_9456470,Omicron,BA.1.18,2022-01-15
-6.069315,-44.64462,6,EPI_ISL_10566841,Omicron,BA.1.15,2022-02-14
-5.9518833,-44.605698,6,EPI_ISL_16708209,Omicron,BA.1,2022-12-29
-6.1863136,-44.738327,6,EPI_ISL_9985371,Omicron,BA.1,2022-02-02
-6.1160192,-44.683723,6,EPI_ISL_9108839,Omicron,BA.1,2022-01-05
-6.069152,-44.644516,6,EPI_ISL_10235180,Omicron,BA.1,2022-01-21
-6.108241,-44.65252,6,EPI_ISL_9000224,Omicron,BD.1,2022-01-13
-4.600302,-42.402164,6,EPI_ISL_8834632,Omicron,BA.1,2021-12-26
-6.131749,-44.62102,6,EPI_ISL_12141914,Omicron,BA.1,2022-03-28
-6.1472874,-44.714985,6,EPI_ISL_12267727,Omicron,BA.1.20,2021-12-22
-6.2955723,-44.81655,6,EPI_ISL_9780037,Omicron,BA.1.15.1,2022-02-03
-6.0771656,-44.74631,6,EPI_ISL_9379539,Omicron,BA.1,2022-01-24
-4.6160593,-42.245983,6,EPI_ISL_9257181,Omicron,BA.1,2022-01-28
-4.4831543,-42.41036,6,EPI_ISL_9118391,Omicron,BA.1.17.2,2022-01-18
-6.1159916,-44.675705,6,EPI_ISL_8925882,Omicron,BA.1.18,2021-12-27
-6.069228,-44.636776,6,EPI_ISL_12559866,Omicron,BA.1.1,2022-03-01
-6.1394634,-44.707287,6,EPI_ISL_10521653,Omicron,BA.1,2022-01-13
-5.31142,-43.81625,6,EPI_ISL_13019309,Omicron,BA.1,2022-05-11
-5.9988384,-44.56646,6,EPI_ISL_10835316,Omicron,BA.1.15,2022-01-17
-5.951886,-44.511833,6,EPI_ISL_8858221,Omicron,BA.1.15.1,2022-01-11
-6.084775,-44.683815,6,EPI_ISL_12949557,Omicron,BA.1.15,2022-01-12
-6.1473274,-44.715103,6,EPI_ISL_9182273,Omicron,BA.1.15,2022-01-08
-6.092576,-44.667934,6,EPI_ISL_9763799,Omicron,BA.1.17.2,2022-01-07
-6.0614567,-44.715065,6,EPI_ISL_14148134,Omicron,BA.1.17.2,2021-12-07
-6.155367,-44.730602,6,EPI_ISL_9316132,Omicron,BA.1.15.1,2022-01-24
-6.006647,-44.550938,6,EPI_ISL_8848543,Omicron,BA.1.17.2,2022-01-11
-6.1395445,-44.738487,6,EPI_ISL_10002769,Omicron,BA.1.15.1,2022-02-07
-6.045641,-44.59772,6,EPI_ISL_8520708,Omicron,BA.1.20,2022-01-02
-6.116185,-44.68373,6,EPI_ISL_10498345,Omicron,BA.1.18,2022-02-15
-6.1081524,-44.66021,6,EPI_ISL_10828685,Omicron,BA.1.15,2022-01-31
-4.670953,-42.722786,6,EPI_ISL_9870759,Omicron,BA.1.17.2,2022-02-03
-6.116006,-44.69148,6,EPI_ISL_10941290,Omicron,Unassigned,2022-02-20
-6.0846825,-44.66016,6,EPI_ISL_12617983,Omicron,BA.1,2022-04-26
-6.2723255,-44.824253,6,EPI_ISL_10413394,Omicron,BA.1,2022-02-20
-6.272415,-44.8164,6,EPI_ISL_8419098,Omicron,BA.1,2021-12-29
-6.2099495,-44.80077,6,EPI_ISL_10254984,Omicron,BA.1,2022-02-11
-6.0925255,-44.722733,6,EPI_ISL_9846726,Omicron,BA.1.13.1,2022-01-21
-6.061453,-44.67594,6,EPI_ISL_8404722,Omicron,BA.1,2021-12-14
-6.108322,-44.660393,6,EPI_ISL_10586230,Omicron,BA.1,2022-02-17
-4.498824,-42.402462,6,EPI_ISL_10861812,Omicron,BA.1.21,2022-02-05
-4.8036222,-43.113464,6,EPI_ISL_10820838,Omicron,BA.1.15,2022-01-13
-4.5380707,-42.949436,6,EPI_ISL_10740060,Omicron,BA.1.17,2022-02-25
-6.0377946,-44.644726,6,EPI_ISL_9778273,Omicron,BA.1,2022-02-02
-6.1162367,-44.668,6,EPI_ISL_8600022,Omicron,BA.1.20,2021-12-26
-6.0380306,-44.62912,6,EPI_ISL_8831144,Omicron,BA.1.15,2021-12-30
-6.116044,-44.66803,6,EPI_ISL_8746648,Omicron,BA.1,2022-01-13
-6.0769615,-44.629032,6,EPI_ISL_11454523,Omicron,BA.1.18,2022-03-07
-6.092767,-44.67588,6,EPI_ISL_12136246,Omicron,BA.1.17.2,2022-02-17
-6.0769444,-44.683617,6,EPI_ISL_8976517,Omicron,BA.1.15,2021-12-30
-6.092596,-44.660316,6,EPI_ISL_8931513,Omicron,BA.1.17.2,2022-01-14
-6.069214,-44.644783,6,EPI_ISL_12464183,Omicron,BA.1.15,2022-01-13
-6.0927095,-44.629013,6,EPI_ISL_9065950,Omicron,BA.1,2022-01-18
-6.100483,-44.67566,6,EPI_ISL_9073363,Omicron,BA.1,2022-01-10
-6.092598,-44.808826,6,EPI_ISL_8821339,Omicron,BA.1,2022-01-09
-6.2097054,-44.77755,6,EPI_ISL_9557914,Omicron,BA.1,2022-01-29
-6.248844,-44.78516,6,EPI_ISL_8758597,Omicron,BA.1,2022-01-10
-6.0691786,-44.62121,6,EPI_ISL_11225792,Omicron,BA.1.18,2021-12-27
-6.0299854,-44.59763,6,EPI_ISL_9306845,Omicron,BA.1,2022-01-23
-6.0846405,-44.597687,6,EPI_ISL_8935111,Omicron,BA.1.17.2,2022-01-12
-6.0535374,-44.597755,6,EPI_ISL_9177201,Omicron,BA.1,2022-01-18
-5.990882,-44.605423,6,EPI_ISL_11242082,Omicron,BA.1.18,2022-03-03
-6.108227,-44.668053,6,EPI_ISL_8756903,Omicron,BA.1.16,2022-01-05
-6.123909,-44.683693,6,EPI_ISL_10132147,Omicron,BA.1.15,2022-02-09
-4.905249,-42.91016,6,EPI_ISL_9343260,Omicron,BA.1.20,2022-01-12
-6.0300236,-44.605495,6,EPI_ISL_8972416,Omicron,BA.1.17.2,2022-01-15
-6.1159897,-44.68363,6,EPI_ISL_11361677,Omicron,BA.1,2022-03-03
-6.116292,-44.582016,6,EPI_ISL_8863382,Omicron,BA.1,2022-01-09
-6.1940117,-44.753918,6,EPI_ISL_15814845,Omicron,BA.1.17,2022-02-08
-6.108247,-44.652378,6,EPI_ISL_8681659,Omicron,BA.1,2021-12-30
-5.233051,-43.722816,6,EPI_ISL_11017475,Omicron,BA.1.20,2022-02-28
-6.0613956,-44.605686,6,EPI_ISL_10824286,Omicron,BA.1.15,2022-01-24
-6.1238575,-44.683556,6,EPI_ISL_9955777,Omicron,BA.1,2022-02-01
-6.061468,-44.62118,6,EPI_ISL_9386437,Omicron,BA.1.17.2,2022-01-22
-5.9599094,-44.6757,6,EPI_ISL_10186760,Omicron,BA.1.15,2022-01-29
-6.0536957,-44.605614,6,EPI_ISL_9874178,Omicron,BA.1.15.1,2022-02-06
-5.834752,-44.496056,6,EPI_ISL_9312589,Omicron,BA.1.17.2,2022-01-23
-6.069131,-44.66043,6,EPI_ISL_9277105,Omicron,BA.1.17.2,2022-01-22
-6.0847807,-44.644722,6,EPI_ISL_8924954,Omicron,BA.1.17,2022-01-05
-6.139385,-44.683697,6,EPI_ISL_9127824,Omicron,BA.1,2022-01-17
-5.9518394,-44.636993,6,EPI_ISL_8428774,Omicron,BA.1.17,2021-12-31
-6.1237345,-44.69935,6,EPI_ISL_9616269,Omicron,BA.1,2022-01-30
-5.217696,-43.73828,6,EPI_ISL_8501882,Omicron,BA.1.15,2021-12-29
-6.1081543,-44.675827,6,EPI_ISL_10876284,Omicron,BA.1.17.2,2022-02-28
-5.8425207,-44.597713,6,EPI_ISL_10830360,Omicron,BA.1.15,2022-01-20
-6.264286,-44.816372,6,EPI_ISL_9698177,Omicron,BA.1.17,2022-01-17
-6.2566605,-44.824226,6,EPI_ISL_10037476,Omicron,Unassigned,2022-01-17
-6.045677,-44.660275,6,EPI_ISL_10036479,Omicron,BA.1.17.2,2022-01-15
-4.600545,-42.972664,6,EPI_ISL_10286249,Omicron,BA.1.17.2,2022-02-16
-4.8345046,-43.308525,6,EPI_ISL_10491621,Omicron,BA.1.20,2022-02-16
-6.069318,-44.527435,6,EPI_ISL_9620644,Omicron,BA.1.16,2022-01-30
-6.07689,-44.65261,6,EPI_ISL_9382912,Omicron,BA.1.17.2,2022-01-25
-6.1005554,-44.668083,6,EPI_ISL_9872666,Omicron,BA.1.17.2,2022-02-02
-6.0925646,-44.73834,6,EPI_ISL_11758464,Omicron,BA.1.15,2022-03-22
-6.1081495,-44.683727,6,EPI_ISL_9310895,Omicron,BA.1.17.2,2022-01-04
-4.8270106,-43.22276,6,EPI_ISL_8629712,Omicron,BA.1.15,2021-12-21
-5.2721257,-43.76197,6,EPI_ISL_11298108,Omicron,BA.1,2022-01-31
-6.0691833,-44.644753,6,EPI_ISL_9734051,Omicron,BA.1.15,2022-02-02
-6.100319,-44.68366,6,EPI_ISL_11878156,Omicron,BD.1,2022-03-23
-6.0143757,-44.566322,6,EPI_ISL_9420516,Omicron,Unassigned,2022-01-09
-5.428567,-43.449287,6,EPI_ISL_10557284,Omicron,BA.1.15,2022-02-07
-4.5846095,-42.714706,6,EPI_ISL_15835472,Omicron,BA.1.17,2022-07-15
-6.3036213,-44.83986,6,EPI_ISL_9975897,Omicron,BA.1,2022-01-25
-6.1002007,-44.65241,6,EPI_ISL_10833948,Omicron,BA.1,2022-01-18
-6.1160793,-44.69133,6,EPI_ISL_9892383,Omicron,BA.1.17.2,2022-02-05
-6.006542,-44.574295,6,EPI_ISL_8479664,Omicron,BA.1,2021-12-27
-6.115965,-44.636845,6,EPI_ISL_8858241,Omicron,BA.1.17.2,2022-01-10
-6.0456867,-44.550835,6,EPI_ISL_9984458,Omicron,BA.1.10,2022-01-19
-5.2645354,-43.62878,6,EPI_ISL_9659188,Omicron,BA.1.15,2022-01-19
-5.9911118,-44.58217,6,EPI_ISL_9167162,Omicron,BA.1.17.2,2022-01-02
-6.1473217,-44.714737,6,EPI_ISL_9984938,Omicron,BA.1,2022-01-29
-6.1238985,-44.67582,6,EPI_ISL_8928355,Omicron,BA.1.14,2022-01-03
-6.2879295,-44.886665,6,EPI_ISL_8899105,Omicron,BA.1.17.2,2022-01-13
-6.248831,-44.808544,6,EPI_ISL_12949418,Omicron,BA.1.17.2,2022-01-10
-6.1551037,-44.722797,6,EPI_ISL_8871134,Omicron,BA.1,2022-01-05
-6.0458593,-44.675934,6,EPI_ISL_11637608,Omicron,BA.1,2022-03-17
-6.1862907,-44.71496,6,EPI_ISL_8825218,Omicron,BA.1,2022-01-10
-6.139436,-44.699085,6,EPI_ISL_10785645,Omicron,BA.1.17.2,2022-02-02
-6.061371,-44.628998,6,EPI_ISL_9066089,Omicron,BA.1.15.1,2022-01-17
-5.2877703,-43.629,6,EPI_ISL_12273865,Omicron,BA.1,2021-12-21
-6.139536,-44.730553,6,EPI_ISL_10273280,Omicron,BA.1,2022-02-11
-6.0770636,-44.668137,6,EPI_ISL_7740812,Omicron,BA.1.17,2021-11-23
-6.0692825,-44.66031,6,EPI_ISL_8976520,Omicron,BA.1.15,2021-12-20
-6.09272,-44.668076,6,EPI_ISL_9864499,Omicron,BA.1.17.2,2022-02-07
-6.163162,-44.769703,6,EPI_ISL_11025499,Omicron,BA.1.17.2,2022-02-19
-6.3348503,-44.91022,6,EPI_ISL_10359909,Omicron,Unassigned,2022-02-13
-6.225441,-44.824284,6,EPI_ISL_16195618,Omicron,BA.1.17,2022-02-14
-6.1238403,-44.50379,6,EPI_ISL_8292656,Omicron,BA.1.15,2021-12-22
-6.1003113,-44.65236,6,EPI_ISL_9581868,Omicron,BA.1.17.2,2022-01-30
-6.0612464,-44.636814,6,EPI_ISL_11161560,Omicron,Unassigned,2022-03-09
-6.123847,-44.691433,6,EPI_ISL_9247430,Omicron,BA.1.17.2,2022-01-20
-6.131751,-44.707092,6,EPI_ISL_7915439,Omicron,BA.1.17.2,2021-12-06
-6.1082764,-44.668087,6,EPI_ISL_9440041,Omicron,BA.1.5,2022-01-26
-6.116102,-44.62127,6,EPI_ISL_9030344,Omicron,BA.1.20,2021-12-27
-6.186283,-44.730667,6,EPI_ISL_10320662,Omicron,BA.1.15,2022-01-16
-6.0456495,-44.644547,6,EPI_ISL_9224994,Omicron,BA.1,2022-01-07
-6.0067596,-44.68373,6,EPI_ISL_9724411,Omicron,BA.1.18,2022-01-24
-6.084799,-44.660282,6,EPI_ISL_10057092,Omicron,BA.1.17.2,2022-02-10
-6.311245,-44.86348,6,EPI_ISL_10537642,Omicron,BA.1.17.2,2022-02-19
-6.0927696,-44.668213,6,EPI_ISL_8969794,Omicron,BA.1.17,2022-01-10
-6.0377655,-44.582314,6,EPI_ISL_9672432,Omicron,BA.1.15,2022-01-07
-6.108349,-44.68364,6,EPI_ISL_8760599,Omicron,BA.1.17.2,2022-01-04
-4.920845,-43.519886,6,EPI_ISL_13628863,Omicron,BA.1.15,2022-03-11
-6.0927296,-44.58216,6,EPI_ISL_14996991,Omicron,BA.1.15,2022-01-10
-6.084713,-44.64456,6,EPI_ISL_9985492,Omicron,BA.1.17,2022-02-01
-6.116045,-44.691265,6,EPI_ISL_8182694,Omicron,BA.1.15,2021-12-17
-6.0144215,-44.69153,6,EPI_ISL_9319930,Omicron,BA.1,2022-01-12
-6.1160107,-44.636925,6,EPI_ISL_9826047,Omicron,BA.1,2022-02-04
-6.053808,-44.566395,6,EPI_ISL_9725012,Omicron,BA.1.17.2,2022-02-02
-6.139591,-44.699318,6,EPI_ISL_11412961,Omicron,BA.1.15,2022-03-08
-6.045868,-44.566402,6,EPI_ISL_10832458,Omicron,BA.1.17.2,2022-02-06
-6.1006575,-44.660164,6,EPI_ISL_9685253,Omicron,BA.1.15.1,2022-02-02
-6.131748,-44.699223,6,EPI_ISL_11694832,Omicron,BA.1,2022-03-23
-6.1240234,-44.683876,6,EPI_ISL_12544627,Omicron,BA.1,2022-01-12
-6.1551485,-44.73064,6,EPI_ISL_10828672,Omicron,BA.1.15,2022-02-01
-6.334564,-44.925827,6,EPI_ISL_10823932,Omicron,BA.1,2022-01-25
-6.3269844,-44.87123,6,EPI_ISL_9127615,Omicron,BA.1,2022-01-17
-6.29558,-44.839993,6,EPI_ISL_12208411,Omicron,BA.1.17,2022-01-31
-4.670861,-43.0897,6,EPI_ISL_8981841,Omicron,BA.1,2022-01-04
-5.881631,-44.511757,6,EPI_ISL_10959347,Omicron,BA.1.17.2,2022-03-05
-6.0926514,-44.675884,6,EPI_ISL_8154635,Omicron,BA.1,2021-12-13
-6.115947,-44.69153,6,EPI_ISL_9659976,Omicron,BA.1.15,2022-01-27
-6.1550007,-44.722656,6,EPI_ISL_8589016,Omicron,BA.1.14,2022-01-02
-6.1160994,-44.589886,6,EPI_ISL_13561128,Omicron,BA.2,2022-06-07
-6.1552944,-44.715042,6,EPI_ISL_10838250,Omicron,BA.1.1,2021-12-27
-5.944088,-44.527313,6,EPI_ISL_10608618,Omicron,BA.1.15,2022-01-07
-5.9753704,-44.56643,6,EPI_ISL_10654071,Omicron,BA.1.20,2022-02-09
-6.0456104,-44.60567,6,EPI_ISL_10110748,Omicron,BA.1.15.1,2022-02-11
-6.131587,-44.707115,6,EPI_ISL_10165273,Omicron,BA.1,2022-01-26
-6.1393642,-44.64474,6,EPI_ISL_12139555,Omicron,BA.1.18,2022-02-14
-6.1394672,-44.72288,6,EPI_ISL_8853346,Omicron,BA.1.17.2,2022-01-11
-6.084836,-44.668015,6,EPI_ISL_11905689,Omicron,BA.1,2022-02-26
-6.123847,-44.70717,6,EPI_ISL_8636479,Omicron,BA.1.13,2021-12-13
-6.0847235,-44.660152,6,EPI_ISL_10186176,Omicron,BA.1.16,2022-01-29
-6.123724,-44.691334,6,EPI_ISL_10038419,Omicron,Unassigned,2022-01-11
-6.076887,-44.64463,6,EPI_ISL_10582383,Omicron,BA.1.15.1,2022-02-07
-4.7096825,-42.136806,6,EPI_ISL_8823176,Omicron,BA.1.15.1,2022-01-10
-6.1237097,-44.6836,6,EPI_ISL_10652196,Omicron,BA.1.17.2,2022-02-08
-6.07695,-44.57427,6,EPI_ISL_9284653,Omicron,BA.1.17.2,2022-01-21
-6.139473,-44.683754,6,EPI_ISL_8115387,Omicron,BA.1.15,2021-12-20
-6.0770054,-44.69153,6,EPI_ISL_9973470,Omicron,BA.1.15,2022-01-12
-5.959753,-44.543182,6,EPI_ISL_8427345,Omicron,BA.1.15,2021-12-19
-6.0770216,-44.675747,6,EPI_ISL_9002234,Omicron,BA.1.17.2,2022-01-15
-6.069332,-44.652397,6,EPI_ISL_9820825,Omicron,BA.1.17.2,2022-02-06
-6.123907,-44.691696,6,EPI_ISL_10501690,Omicron,BA.1,2022
-5.990958,-44.574165,6,EPI_ISL_9130279,Omicron,BA.1.17.2,2022-01-18
-5.2565403,-43.730286,6,EPI_ISL_9298396,Omicron,BA.1.15.1,2022-01-22
-4.6785603,-42.738132,6,EPI_ISL_9892328,Omicron,BA.1,2022-02-04
-6.108057,-44.644493,6,EPI_ISL_10530245,Omicron,BA.1,2022-02-22
-6.14732,-44.71485,6,EPI_ISL_9461036,Omicron,BA.1.21,2021-12-20
-6.0614853,-44.70716,6,EPI_ISL_12762999,Omicron,Unassigned,2022-05-02
-6.1003475,-44.66813,6,EPI_ISL_9788428,Omicron,BA.1.15,2022-02-03
-6.217613,-44.816444,6,EPI_ISL_11562962,Omicron,BA.1,2022-01-19
-6.131735,-44.699074,6,EPI_ISL_9285224,Omicron,BA.1.17.2,2022-01-21
-6.0301266,-44.62908,6,EPI_ISL_11212045,Omicron,BA.1.16,2022-03-14
-6.1942005,-44.769623,6,EPI_ISL_8843446,Omicron,BA.1,2022-01-05
-6.0846796,-44.66011,6,EPI_ISL_9305219,Omicron,BA.1,2022-01-05
-6.1549997,-44.675858,6,EPI_ISL_9870488,Omicron,BA.1.17.2,2022-02-06
-6.1238823,-44.668137,6,EPI_ISL_10255909,Omicron,BA.1.17,2022-01-30
-6.1317396,-44.707047,6,EPI_ISL_8928482,Omicron,BA.1,2022-01-03
-6.155052,-44.714817,6,EPI_ISL_10273448,Omicron,BA.1.1,2022-02-11
-5.967552,-44.613358,6,EPI_ISL_13627113,Omicron,BA.1.17.2,2022-01-24
-6.1003857,-44.66011,6,EPI_ISL_8206955,Omicron,BA.1,2021-12-22
-6.0299892,-44.71501,6,EPI_ISL_8905802,Omicron,BA.1.17.2,2021-12-12
-6.1394653,-44.722607,6,EPI_ISL_9066284,Omicron,BA.1,2022-01-17
-6.1392994,-44.70712,6,EPI_ISL_9963815,Omicron,BA.1.20,2022-01-28
-6.0066795,-44.582134,6,EPI_ISL_10366112,Omicron,BA.1.4,2022-01-04
-6.2566795,-44.79295,6,EPI_ISL_9751773,Omicron,BA.1,2022-02-01
-4.686515,-43.113117,6,EPI_ISL_9864094,Omicron,BA.1,2022-02-07
-6.1083355,-44.683773,6,EPI_ISL_9510506,Omicron,BA.1,2022-01-27
-6.0926104,-44.675858,6,EPI_ISL_10077348,Omicron,BA.1,2022-02-07
-6.1316795,-44.64453,6,EPI_ISL_12949413,Omicron,BA.1,2021-12-15
-6.108243,-44.668068,6,EPI_ISL_10934854,Omicron,BA.1,2022-03-04
-6.123989,-44.62878,6,EPI_ISL_8820785,Omicron,BA.1,2022-01-10
-4.5690966,-42.902466,6,EPI_ISL_10837246,Omicron,BA.1.15,2021-12-31
-6.0302315,-44.62112,6,EPI_ISL_11123427,Omicron,BA.1,2022-03-11
-6.1003265,-44.597675,6,EPI_ISL_10287899,Omicron,BA.1.18,2022-02-10
-6.108242,-44.675877,6,EPI_ISL_8353525,Omicron,BA.1.9,2021-12-22
-6.1160355,-44.683586,6,EPI_ISL_11177562,Omicron,BA.1.15,2022-02-16
-6.0849085,-44.6291,6,EPI_ISL_10905410,Omicron,BA.1.17,2022-02-11
-6.1238575,-44.699417,6,EPI_ISL_8767776,Omicron,BA.1,2022-01-06
-6.178528,-44.699444,6,EPI_ISL_8550960,Omicron,BA.1,2021-12-28
-4.967514,-42.964584,6,EPI_ISL_11843851,Omicron,BA.1,2022-03-24
-6.0067368,-44.56648,6,EPI_ISL_9175996,Omicron,BA.1,2022-01-05
-6.0771093,-44.66027,6,EPI_ISL_9431582,Omicron,BA.1,2022-01-21
-4.4832115,-42.660362,6,EPI_ISL_12949558,Omicron,BA.1.17.2,2022-01-08
-6.0613213,-44.628933,6,EPI_ISL_8816493,Omicron,BA.1.15,2022-01-10
-6.0535717,-44.61336,6,EPI_ISL_8331866,Omicron,BA.1.17,2021-12-30
-5.998912,-44.542976,6,EPI_ISL_9633294,Omicron,BA.1,2022-01-20
-5.9441986,-44.636673,6,EPI_ISL_7889640,Omicron,BA.1,2021-12-15
-6.1238766,-44.67614,6,EPI_ISL_9312708,Omicron,BA.1.17.2,2022-01-24
-6.1316795,-44.707157,6,EPI_ISL_11223472,Omicron,BA.1.17.2,2022-02-09
-6.1474133,-44.730503,6,EPI_ISL_8896432,Omicron,BA.1,2022-01-07
-6.2329597,-44.69918,6,EPI_ISL_9785578,Omicron,BA.1,2022-02-03
-6.2646255,-44.839714,6,EPI_ISL_9025507,Omicron,BA.1.15.1,2022-01-16
-6.077077,-44.65229,6,EPI_ISL_12032709,Omicron,BA.1.17,2022-03-28
-5.9676247,-44.550903,6,EPI_ISL_10064461,Omicron,BA.1.17.2,2022-02-07
-6.0534124,-44.636772,6,EPI_ISL_10836808,Omicron,BA.1.15,2021-12-29
-6.1082697,-44.683647,6,EPI_ISL_10456230,Omicron,BA.1,2022-02-18
-6.0223923,-44.55853,6,EPI_ISL_9844679,Omicron,BA.1.17.2,2022-01-24
-6.0692883,-44.64456,6,EPI_ISL_10747600,Omicron,BA.1,2022-02-07
-6.030238,-44.77722,6,EPI_ISL_7747607,Omicron,BA.1.17,2021-12-08
-6.1003895,-44.628983,6,EPI_ISL_10228387,Omicron,BA.1.20,2022-02-05
-6.1707535,-44.73831,6,EPI_ISL_11695238,Omicron,BA.1,2022-02-23
-6.178646,-44.753937,6,EPI_ISL_9471402,Omicron,BA.1,2022-01-17
-6.241127,-44.808727,6,EPI_ISL_10607458,Omicron,BA.1.15,2022-01-09
-6.2253685,-44.83209,6,EPI_ISL_10824491,Omicron,BA.1.15,2022-01-24
-4.6237874,-42.394386,6,EPI_ISL_8843529,Omicron,BA.1,2022-01-05
-6.084812,-44.683678,6,EPI_ISL_9387313,Omicron,BA.1.17.2,2022-01-20
-6.0298653,-44.566517,6,EPI_ISL_9073364,Omicron,BA.1,2022-01-10
-6.053543,-44.683636,6,EPI_ISL_8775154,Omicron,BA.1.17.2,2022-01-09
-6.1707935,-44.73842,6,EPI_ISL_14647578,Omicron,BA.1.15,2022-01-03
-6.1162004,-44.683594,6,EPI_ISL_9416927,Omicron,BA.1.17.2,2022-01-13
-6.1237755,-44.683662,6,EPI_ISL_10250188,Omicron,BA.1.17.2,2022-01-07
-6.100439,-44.74621,6,EPI_ISL_10858511,Omicron,BA.1,2022-02-17
-6.092533,-44.652397,6,EPI_ISL_10652682,Omicron,BA.1.17.2,2022-02-21
-6.1004925,-44.67605,6,EPI_ISL_12559697,Omicron,BA.1.17.2,2022-03-07
-6.006768,-44.64474,6,EPI_ISL_11108741,Omicron,BA.1.17.2,2022-03-07
-6.209881,-44.785194,6,EPI_ISL_9374335,Omicron,BD.1,2022-01-26
-6.139679,-44.699448,6,EPI_ISL_9565119,Omicron,BA.1,2022-01-28
-6.084793,-44.72282,6,EPI_ISL_9344653,Omicron,BA.1,2022-01-10
-4.5612187,-42.464645,6,EPI_ISL_8820346,Omicron,BA.1.15.1,2022-01-06
-6.0612297,-44.629025,6,EPI_ISL_10025572,Omicron,BA.1.17,2022-01-26
-6.1393013,-44.465088,6,EPI_ISL_9887107,Omicron,BA.1,2022-01-19
-6.123946,-44.69144,6,EPI_ISL_9429539,Omicron,BA.1.15,2022-01-06
-6.0301285,-44.543026,6,EPI_ISL_9638209,Omicron,BA.1.17.2,2022-01-13
-6.202181,-44.761627,6,EPI_ISL_9319847,Omicron,BA.1,2022-01-12
-6.139389,-44.69168,6,EPI_ISL_10474699,Omicron,BD.1,2022-02-15
-6.092446,-44.644516,6,EPI_ISL_8843791,Omicron,BA.1,2022-01-05
-6.162859,-44.722664,6,EPI_ISL_10840855,Omicron,BA.1,2022-02-21
-6.319252,-44.933815,6,EPI_ISL_9095837,Omicron,BA.1.15,2022-01-09
-4.858255,-43.34768,6,EPI_ISL_8931123,Omicron,BA.1.17.2,2022-01-11
-6.241001,-44.83979,6,EPI_ISL_8965009,Omicron,BA.1.12,2022-01-14
-6.280155,-44.863495,6,EPI_ISL_8208914,Omicron,BA.1.15,2021-12-16
-6.0692434,-44.6603,6,EPI_ISL_8778288,Omicron,BA.1.17.2,2022-01-06
-6.1940937,-44.699448,6,EPI_ISL_10330518,Omicron,BA.1.15,2022-02-07
-6.108184,-44.69152,6,EPI_ISL_9688206,Omicron,BA.1,2022-01-24
-6.1082973,-44.668053,6,EPI_ISL_8854280,Omicron,BA.1.17.2,2022-01-11
-6.1317215,-44.70712,6,EPI_ISL_9433762,Omicron,BA.1,2021-12-28
-6.07697,-44.644596,6,EPI_ISL_9303939,Omicron,BA.1.9,2022-01-10
-6.1318398,-44.699245,6,EPI_ISL_10417292,Omicron,BD.1,2022-02-20
-5.2877746,-43.683575,6,EPI_ISL_9424361,Omicron,Unassigned,2022-01-02
-6.123893,-44.683796,6,EPI_ISL_8863847,Omicron,BA.1.15.1,2022-01-10
-5.9674664,-44.519657,6,EPI_ISL_11431637,Omicron,BA.1.15,2022-03-19
-6.2957535,-44.78522,6,EPI_ISL_10785155,Omicron,BA.1.17.2,2022-01-27
-6.108347,-44.613262,6,EPI_ISL_8435000,Omicron,BA.1,2021-12-16
-6.0457067,-44.675797,6,EPI_ISL_10757371,Omicron,BA.1,2022-02-14
-6.100313,-44.675934,6,EPI_ISL_10244474,Omicron,BA.1.17.2,2022-02-01
-6.037895,-44.597675,6,EPI_ISL_9015106,Omicron,BA.1.17.2,2021-12-28
-6.10832,-44.668163,6,EPI_ISL_9778979,Omicron,BA.1,2022-02-03
-6.045662,-44.605667,6,EPI_ISL_9504497,Omicron,BA.1.17,2022-01-28
-6.0613422,-44.66021,6,EPI_ISL_15775340,Omicron,BA.1,2022
-6.115902,-44.66032,6,EPI_ISL_10053168,Omicron,BA.1.18,2022-02-09
-4.6392713,-42.72297,6,EPI_ISL_8755362,Omicron,BA.1.17.2,2022-01-09
-6.0380898,-44.652374,6,EPI_ISL_11890511,Omicron,BA.1.18,2022-01-08
-6.115964,-44.67602,6,EPI_ISL_9690480,Omicron,BA.1,2022-01-30
-6.256731,-44.839794,6,EPI_ISL_13791362,Omicron,BA.1.15,2022-01-31
-6.194084,-44.769493,6,EPI_ISL_9349597,Omicron,BA.1.17.2,2022-01-16
-6.2409153,-44.769604,6,EPI_ISL_8789911,Omicron,BA.1.17.2,2021-12-27
-6.2020645,-44.777477,6,EPI_ISL_9385936,Omicron,BA.1.14,2022-01-23
-6.115938,-44.67592,6,EPI_ISL_10148397,Omicron,BA.1.17.2,2022-01-25
-6.0924864,-44.590088,6,EPI_ISL_11560633,Omicron,BA.1.17.2,2022-03-07
-6.116061,-44.60553,6,EPI_ISL_16365828,Omicron,BA.1.17,2022-01-10
-5.967533,-44.668205,6,EPI_ISL_12275842,Omicron,BA.1,2022-02-28
-4.678426,-42.495914,6,EPI_ISL_8934071,Omicron,BA.1.15,2022-01-13
-6.0067663,-44.691612,6,EPI_ISL_10472314,Omicron,BA.1,2022-02-16
-4.6629777,-42.808777,6,EPI_ISL_10234545,Omicron,BA.1.15,2022-01-29
-6.0536137,-44.628975,6,EPI_ISL_8472776,Omicron,BA.1.18,2021-12-23
-6.319027,-44.925995,6,EPI_ISL_12949386,Omicron,BA.1.17.2,2021-12-26
-6.366377,-44.918213,6,EPI_ISL_16180923,Omicron,BA.1.15,2022-01-09
-5.9441156,-44.676,6,EPI_ISL_10096000,Omicron,BA.1.17,2022-02-03
-4.6081276,-42.675766,6,EPI_ISL_9270798,Omicron,BA.1,2022-01-22
-6.139469,-44.707157,6,EPI_ISL_9251290,Omicron,BA.1,2022-01-20
-6.1159515,-44.675903,6,EPI_ISL_9477373,Omicron,BA.1.17.2,2022-01-07
-6.053628,-44.613594,6,EPI_ISL_8518426,Omicron,BA.1.17.2,2021-12-20
-6.1394825,-44.699165,6,EPI_ISL_9175727,Omicron,BA.1,2022-01-18
-4.8269672,-43.33207,6,EPI_ISL_8942598,Omicron,BA.1,2022-01-11
-6.069275,-44.730625,6,EPI_ISL_8587811,Omicron,BA.1.15,2021-12-17
-6.1630096,-44.746044,6,EPI_ISL_10507371,Omicron,BA.1.17.2,2022-02-04
-6.1864567,-44.73025,6,EPI_ISL_9614392,Omicron,BA.1.17.2,2022-01-31
-6.2021103,-44.76957,6,EPI_ISL_12911827,Omicron,BA.1,2022-03-17
-5.6547565,-43.824203,6,EPI_ISL_11262980,Omicron,BA.1.21,2022-02-18
-6.1083317,-44.6681,6,EPI_ISL_9681364,Omicron,BA.1,2022-02-02
-6.2176056,-44.77735,6,EPI_ISL_12373839,Omicron,BA.1.18,2022-01-11
-6.178627,-44.808853,6,EPI_ISL_9250473,Omicron,BA.1.15.1,2022-01-19
-6.147398,-44.699356,6,EPI_ISL_8968832,Omicron,BA.1,2022-01-15
-6.1394644,-44.707077,6,EPI_ISL_10943273,Omicron,BA.1,2022-02-12
-6.15528,-44.722775,6,EPI_ISL_8827907,Omicron,BA.1.20,2021-12-29
-6.123928,-44.683823,6,EPI_ISL_11156840,Omicron,BA.1.17.2,2022-02-05
-5.967745,-44.558685,6,EPI_ISL_10194700,Omicron,BA.1,2022-02-17
-6.01445,-44.58206,6,EPI_ISL_10672950,Omicron,BA.1,2022-02-15
-6.1161966,-44.6992,6,EPI_ISL_9985008,Omicron,BA.1,2022-01-30
-6.092635,-44.5196,6,EPI_ISL_8776346,Omicron,BA.1,2022-01-10
-6.1549606,-44.730503,6,EPI_ISL_8604515,Omicron,BA.1.17.2,2021-12-14
-6.092577,-44.675873,6,EPI_ISL_8895007,Omicron,BA.1.17.2,2022-01-13
-6.037962,-44.613228,6,EPI_ISL_9043863,Omicron,BA.1,2022-01-08
-6.2566605,-44.824425,6,EPI_ISL_10264212,Omicron,BA.1.17.2,2022-02-02
-6.2721386,-44.83997,6,EPI_ISL_8959520,Omicron,BA.1.17.2,2021-12-28
-6.0222225,-44.590042,6,EPI_ISL_8602821,Omicron,BA.1,2021-12-30
-6.0534325,-44.621254,6,EPI_ISL_9312069,Omicron,BA.1,2022-01-24
-6.022298,-44.691483,6,EPI_ISL_8847990,Omicron,BA.1.15.1,2022-01-10
-6.100397,-44.65238,6,EPI_ISL_8308720,Omicron,BA.1.20,2021-12-18
-6.1005697,-44.58213,6,EPI_ISL_9934946,Omicron,BA.1.15,2022-01-30
-5.959835,-44.503826,6,EPI_ISL_10279056,Omicron,BA.1.15,2022-01-24
-5.983221,-44.54303,6,EPI_ISL_12136645,Omicron,BA.1,2022-04-02
-6.0066395,-44.597687,6,EPI_ISL_9139200,Omicron,BA.1.17,2022-01-07
-6.061324,-44.636856,6,EPI_ISL_10324685,Omicron,BA.1.15,2022
-6.1005383,-44.675846,6,EPI_ISL_9893075,Omicron,BA.1.15.1,2022-02-07
-6.0613327,-44.621143,6,EPI_ISL_17491182,Omicron,BA.1.20,2022-01-07
-4.9286604,-43.441597,6,EPI_ISL_9374720,Omicron,BA.1.17.2,2022-01-25
-6.1316776,-44.668076,6,EPI_ISL_8542383,Omicron,BA.1.13,2021-12-20
-6.084632,-44.628983,6,EPI_ISL_10000742,Omicron,BA.1,2022-02-08
-5.920662,-44.68387,6,EPI_ISL_11204133,Omicron,BA.1.19,2022-02-01
-6.2333336,-44.824245,6,EPI_ISL_9857083,Omicron,BA.1,2022-01-10
-6.162956,-44.746204,6,EPI_ISL_9571766,Omicron,BA.1.17.2,2022-01-13
-4.616021,-42.918194,6,EPI_ISL_11245038,Omicron,BA.1.17,2022-03-07
-6.1315384,-44.683674,6,EPI_ISL_8774076,Omicron,BA.1,2022-01-09
-6.1317177,-44.590034,6,EPI_ISL_10255060,Omicron,BA.1.1.18,2022-02-08
-6.1004477,-44.65231,6,EPI_ISL_9869065,Omicron,BD.1,2022-02-08
-6.108032,-44.683807,6,EPI_ISL_9992756,Omicron,BA.1,2022-02-09
-6.0926485,-44.644554,6,EPI_ISL_8785270,Omicron,BA.1.17.2,2021-12-21
-5.9908905,-44.582058,6,EPI_ISL_8852020,Omicron,BA.1,2022-01-11
-6.077013,-44.58213,6,EPI_ISL_12180324,Omicron,BA.1.14,2021-12-27
-6.186385,-44.761726,6,EPI_ISL_9722786,Omicron,BA.1.17.2,2022-01-31
-6.1396027,-44.714966,6,EPI_ISL_9118634,Omicron,BA.1,2022-01-19
-6.2331905,-44.675816,6,EPI_ISL_9559385,Omicron,BA.1.17.2,2022-01-27
-4.7332335,-42.097553,6,EPI_ISL_12170546,Omicron,BA.1.15,2022-04-12
-6.100295,-44.6836,6,EPI_ISL_9557744,Omicron,BA.1.17.2,2022-01-28
-6.1081753,-44.660187,6,EPI_ISL_11003262,Omicron,BA.1.17,2022-02-07
-5.9598274,-44.550705,6,EPI_ISL_9087859,Omicron,BA.1.15,2022-01-11
-6.139511,-44.7071,6,EPI_ISL_9040401,Omicron,BA.1.17,2022-01-04
-6.123988,-44.691784,6,EPI_ISL_10374295,Omicron,BA.1.15,2022-02-06
-6.0690594,-44.652405,6,EPI_ISL_8680179,Omicron,BA.1,2022-01-03
-6.139616,-44.6993,6,EPI_ISL_10193701,Omicron,BA.1.17.2,2022
-6.0065765,-44.58222,6,EPI_ISL_8347597,Omicron,BA.1.18,2021-12-25
-5.280012,-43.738377,6,EPI_ISL_11595352,Omicron,BA.1.1,2022-02-09
-6.1004295,-44.660267,6,EPI_ISL_12949517,Omicron,BA.1.17.2,2022-01-13
-6.194195,-44.761806,6,EPI_ISL_9020780,Omicron,BA.1,2022-01-17
-6.1940384,-44.77735,6,EPI_ISL_10105075,Omicron,BA.1.1,2022-01-27
-6.108451,-44.62139,6,EPI_ISL_11133758,Omicron,BA.1.15,2022-02-02
-6.038023,-44.636932,6,EPI_ISL_8828444,Omicron,BA.1.20,2022-01-04
-6.0769424,-44.574406,6,EPI_ISL_10283650,Omicron,BA.1.18,2022-02-09
-6.11604,-44.68356,6,EPI_ISL_8755634,Omicron,BA.1,2022-01-04
-6.069229,-44.644646,6,EPI_ISL_10852489,Omicron,BA.1,2022-03-02
-6.084895,-44.644512,6,EPI_ISL_10858398,Omicron,B.1.1.529,2022-02-17
-6.1473274,-44.699383,6,EPI_ISL_10563029,Omicron,BA.1,2022-02-06
-6.0846634,-44.574173,6,EPI_ISL_11467881,Omicron,BA.1.18,2022-02-20
-6.11615,-44.69153,6,EPI_ISL_10821915,Omicron,BA.1.15,2022-01-11
-5.272274,-43.77749,6,EPI_ISL_10186171,Omicron,BA.1.17.2,2022-01-29
-6.155179,-44.652428,6,EPI_ISL_9284596,Omicron,BA.1,2022-01-20
-6.092598,-44.660194,6,EPI_ISL_8862980,Omicron,BA.1.17.2,2022-01-11
-6.170742,-44.753967,6,EPI_ISL_10247657,Omicron,BA.1,2022-01-17
-6.092621,-44.660313,6,EPI_ISL_12008592,Omicron,BA.1.15.1,2022-03-20
-6.256672,-44.79316,6,EPI_ISL_9445269,Omicron,BA.1.16,2022-01-26
-6.1080456,-44.800854,6,EPI_ISL_15874512,Omicron,BA.1.17.2,2022-02-28
-6.1317005,-44.707245,6,EPI_ISL_9957478,Omicron,BA.1.17.2,2022-01-31
-6.1472855,-44.714924,6,EPI_ISL_10025401,Omicron,BA.1,2022-01-15
-6.1474257,-44.714996,6,EPI_ISL_9296662,Omicron,BA.1,2022-01-20
-6.084983,-44.636665,6,EPI_ISL_10904397,Omicron,BA.1.15.1,2022-02-20
-6.1004467,-44.691433,6,EPI_ISL_13812923,Omicron,BA.1.15,2022-01-06
-5.9674063,-44.57417,6,EPI_ISL_9129196,Omicron,BA.1,2022-01-19
-6.1160984,-44.68367,6,EPI_ISL_8899092,Omicron,BA.1.17.2,2022-01-13
-6.07712,-44.621235,6,EPI_ISL_10432394,Omicron,BA.1,2022-02-08
-6.084671,-44.66034,6,EPI_ISL_9841457,Omicron,BA.1.17.2,2022-02-07
-6.061413,-44.636833,6,EPI_ISL_9356392,Omicron,BD.1,2022-01-26
-6.108122,-44.660137,6,EPI_ISL_12195770,Omicron,BA.1.14,2022-02-03
-6.123829,-44.691654,6,EPI_ISL_12694412,Omicron,BA.1.15,2022-01-26
-4.600374,-43.02745,6,EPI_ISL_8853475,Omicron,BA.1.17.2,2022-01-11
-6.249092,-44.80082,6,EPI_ISL_10784497,Omicron,BA.1.17.2,2022-01-31
-4.678664,-42.965004,6,EPI_ISL_10188165,Omicron,BA.1.17.2,2022-01-29
-4.8347073,-43.11337,6,EPI_ISL_11815404,Omicron,BA.1,2022-03-23
-4.842631,-43.167862,6,EPI_ISL_10688322,Omicron,BA.1,2022-02-26
-6.162945,-44.738346,6,EPI_ISL_8903267,Omicron,BA.1,2021-12-28
-6.0612097,-44.550816,6,EPI_ISL_9319825,Omicron,BA.1,2022-01-12
-6.053583,-44.64458,6,EPI_ISL_9204293,Omicron,BA.1.15,2022-01-04
-6.1159744,-44.683693,6,EPI_ISL_9298208,Omicron,BA.1.17.2,2022-01-22
-4.600398,-42.761703,6,EPI_ISL_15652768,Omicron,BA.1,2022-04-13
-6.0692644,-44.628944,6,EPI_ISL_11314685,Omicron,BA.1.15.1,2022-02-28
-6.084674,-44.62893,6,EPI_ISL_8969430,Omicron,BA.1.15.1,2022-01-15
-6.2644157,-44.793213,6,EPI_ISL_8863993,Omicron,BA.1.17.2,2022-01-10
-4.67847,-42.70708,6,EPI_ISL_9722768,Omicron,BA.1.17.2,2022-01-27
-4.709788,-42.51169,6,EPI_ISL_11509836,Omicron,BA.1.18,2022-03-14
-5.9753942,-44.527504,6,EPI_ISL_9176206,Omicron,BA.1.17.2,2022-01-19
-6.154932,-44.71495,6,EPI_ISL_9475108,Omicron,BA.1,2022-01-18
-4.7489166,-42.527283,6,EPI_ISL_9177269,Omicron,BA.1,2022-01-19
-6.037916,-44.62113,6,EPI_ISL_8774835,Omicron,BA.1,2022-01-09
-5.991001,-44.49612,6,EPI_ISL_8767730,Omicron,BA.1,2022-01-08
-5.9990664,-44.644627,6,EPI_ISL_9171636,Omicron,BA.1.16,2022-01-18
-4.6553392,-42.65238,6,EPI_ISL_9022827,Omicron,BA.1.17.2,2022-01-17
-6.108103,-44.683735,6,EPI_ISL_13864833,Omicron,BA.1.17,2022-04-05
-6.0690823,-44.629044,6,EPI_ISL_10866237,Omicron,BA.1.15,2022-02-23
-6.116049,-44.6838,6,EPI_ISL_9408484,Omicron,BA.1.14,2022
-6.225233,-44.82435,6,EPI_ISL_9641100,Omicron,BA.1,2022-02-01
-5.9519424,-44.504097,6,EPI_ISL_9912980,Omicron,BA.1.17,2022-01-25
-6.02223,-44.589867,6,EPI_ISL_10834000,Omicron,BA.1,2022-01-18
-6.1707115,-44.73066,6,EPI_ISL_8767416,Omicron,BA.1,2022-01-10
-6.116231,-44.691566,6,EPI_ISL_9829145,Omicron,BA.1.17.2,2022-02-05
-5.038083,-43.527367,6,EPI_ISL_11489345,Omicron,BA.1.15,2022-03-13
-6.0770264,-44.691647,6,EPI_ISL_9734441,Omicron,BA.1,2022-02-01
-5.842537,-44.44915,6,EPI_ISL_10075747,Omicron,BA.1.18,2022-01-31
-5.928548,-44.605595,6,EPI_ISL_7860140,Omicron,BA.1.17,2021-12-16
-6.076992,-44.730675,6,EPI_ISL_10186211,Omicron,BA.1.17.2,2022-01-27
-6.100319,-44.66021,6,EPI_ISL_10822981,Omicron,BA.1.15,2022-01-13
-6.053629,-44.6212,6,EPI_ISL_9956514,Omicron,BA.1.17.2,2022-01-25
-5.952051,-44.504044,6,EPI_ISL_15422487,Omicron,BA.1.15,2022-01-02
-5.1942654,-43.54297,6,EPI_ISL_11834503,Omicron,BA.1.17,2022-03-28
-6.061404,-44.64475,6,EPI_ISL_11202295,Omicron,BA.1.20,2022-01-28
-6.100504,-44.636673,6,EPI_ISL_8998956,Omicron,BA.1.17,2022-01-14
-6.217663,-44.777355,6,EPI_ISL_9202945,Omicron,BA.1.17,2022-01-06
-6.256756,-44.87134,6,EPI_ISL_10538065,Omicron,BD.1,2022-02-18
-4.6005344,-42.74633,6,EPI_ISL_11898014,Omicron,BA.1,2022-03-13
-6.241064,-44.69938,6,EPI_ISL_10904292,Omicron,BA.1,2022-02-10
-6.2177086,-44.79308,6,EPI_ISL_8999621,Omicron,BA.1.17.2,2022-01-14
-6.139372,-44.70678,6,EPI_ISL_8843586,Omicron,BA.1,2022-01-05
-6.0301247,-44.61329,6,EPI_ISL_9023312,Omicron,BA.1,2022-01-13
-6.053606,-44.613407,6,EPI_ISL_10531945,Omicron,BA.1.8,2022-02-21
-6.155113,-44.71495,6,EPI_ISL_9185249,Omicron,BA.1.18,2022-01-10
-6.116149,-44.660263,6,EPI_ISL_10969490,Omicron,BA.1.17.2,2022-01-05
-6.0927305,-44.6602,6,EPI_ISL_8758778,Omicron,BA.1.12,2022-01-09
-5.983391,-44.58221,6,EPI_ISL_10513726,Omicron,BA.1.18,2022-02-09
-6.2019215,-44.777252,6,EPI_ISL_9850054,Omicron,BA.1.17,2022-01-17
-6.0769377,-44.66021,6,EPI_ISL_10901136,Omicron,BA.1.17.2,2022-02-22
-6.084632,-44.644657,6,EPI_ISL_10000350,Omicron,BA.1,2022-02-08
-5.459731,-43.511974,6,EPI_ISL_12499648,Omicron,BA.1.15,2022-04-11
-4.490966,-42.90247,6,EPI_ISL_13627422,Omicron,BA.1,2022-01-26
-6.0845833,-44.65234,6,EPI_ISL_9299158,Omicron,BD.1,2022-01-23
-5.9519978,-44.51957,6,EPI_ISL_9360426,Omicron,BA.1.17.2,2022-01-25
-6.108142,-44.675995,6,EPI_ISL_12949389,Omicron,BA.1,2021-12-26
-6.0769835,-44.636803,6,EPI_ISL_8848342,Omicron,BA.1,2022-01-11
-6.147358,-44.707016,6,EPI_ISL_16860265,Omicron,BA.1,2022-01-22
-6.139496,-44.6057,6,EPI_ISL_8030430,Omicron,BA.1.15,2021-12-15
-6.264511,-44.8477,6,EPI_ISL_8347409,Omicron,BA.1,2021-12-22
-6.162834,-44.71495,6,EPI_ISL_8756146,Omicron,BA.1.17.2,2022-01-09
-6.0612946,-44.652428,6,EPI_ISL_10515531,Omicron,BA.1,2022-02-22
-6.100294,-44.675804,6,EPI_ISL_10038158,Omicron,Unassigned,2022-01-21
-6.006706,-44.5665,6,EPI_ISL_10536058,Omicron,BA.1.18,2022-02-17
-5.998703,-44.589798,6,EPI_ISL_9310228,Omicron,BA.1,2022-01-24
-6.1079597,-44.683647,6,EPI_ISL_9712056,Omicron,BA.1.13,2022-02-01
-6.0927515,-44.644676,6,EPI_ISL_9205433,Omicron,BA.1.15,2022-01-06
-6.1394196,-44.715027,6,EPI_ISL_7696315,Omicron,BA.1.14,2021-12-11
-6.1473446,-44.706978,6,EPI_ISL_9530038,Omicron,BA.1,2022-01-11
-6.131624,-44.707188,6,EPI_ISL_13339708,Omicron,BA.1,2021-12-28
-6.022236,-44.628925,6,EPI_ISL_8935532,Omicron,BA.1.20,2022-01-09
-4.9599075,-43.464867,6,EPI_ISL_8985379,Omicron,BA.1.18,2022-01-17
-4.6472225,-42.300728,6,EPI_ISL_9202569,Omicron,BA.1,2022-01-11
-6.084755,-44.668015,6,EPI_ISL_10200772,Omicron,BA.1.15,2022-02-14
-6.311325,-44.87116,6,EPI_ISL_7612892,Omicron,BA.1.17,2021-12-07
-6.225483,-44.81643,6,EPI_ISL_9026576,Omicron,BA.1.16,2022-01-15
-6.2331467,-44.785286,6,EPI_ISL_10739721,Omicron,BA.1.17.2,2022-01-11
-6.280079,-44.80871,6,EPI_ISL_10316047,Omicron,BA.1,2022-02-06
-6.092617,-44.660095,6,EPI_ISL_16195992,Omicron,BA.1.17,2022-03-09
-6.116022,-44.691353,6,EPI_ISL_9110277,Omicron,BA.1.18,2022-01-07
-6.014551,-44.613487,6,EPI_ISL_10121863,Omicron,BA.1,2022-01-24
-6.100292,-44.66813,6,EPI_ISL_9687897,Omicron,BA.1.15.1,2022-01-24
-6.194216,-44.75399,6,EPI_ISL_12271050,Omicron,BA.1.20,2022-01-05
-5.9910564,-44.636696,6,EPI_ISL_10074156,Omicron,BA.1.20,2022-02-02
-6.123852,-44.699364,6,EPI_ISL_11383956,Omicron,BA.1.17,2022-03-14
-6.147375,-44.675835,6,EPI_ISL_11140675,Omicron,BA.1.15,2022-01-19
-6.225506,-44.761833,6,EPI_ISL_13627921,Omicron,BA.1.17.2,2022-01-14
-6.069378,-44.652355,6,EPI_ISL_10045412,Omicron,BA.1.14,2022-01-24
-6.01437,-44.47285,6,EPI_ISL_8973614,Omicron,BD.1,2022-01-12
-5.9989605,-44.61339,6,EPI_ISL_10340627,Omicron,BA.1.17,2022-02-18
-5.9285336,-44.503963,6,EPI_ISL_8509926,Omicron,BA.1.15.1,2021-12-14
-6.1630793,-44.738285,6,EPI_ISL_10230405,Omicron,BA.1.20,2022-02-07
-6.014476,-44.597736,6,EPI_ISL_11094217,Omicron,BA.1,2022-03-08
-6.1317616,-44.71491,6,EPI_ISL_8973410,Omicron,BA.1,2022-01-12
-5.9911604,-44.66801,6,EPI_ISL_10685259,Omicron,BA.1.17.2,2022-02-26
-6.139454,-44.699303,6,EPI_ISL_9597817,Omicron,BA.1,2022-01-31
-6.1238976,-44.66031,6,EPI_ISL_9707068,Omicron,BA.1,2022-01-09
-6.116081,-44.699203,6,EPI_ISL_10489172,Omicron,BA.1.8,2022-02-14
-6.0613575,-44.67577,6,EPI_ISL_9710788,Omicron,BA.1,2022-01-26
-6.139309,-44.707043,6,EPI_ISL_11086992,Omicron,BA.1.17.2,2022-02-12
-6.069063,-44.66803,6,EPI_ISL_9110306,Omicron,BA.1,2022-01-07
-6.116126,-44.59013,6,EPI_ISL_8991979,Omicron,BA.1.8,2022-01-04
-6.131693,-44.70707,6,EPI_ISL_9128821,Omicron,BA.1.15,2022-01-18
-6.0925865,-44.675934,6,EPI_ISL_8625511,Omicron,BA.1.17,2021-12-30
-4.6631026,-42.77724,6,EPI_ISL_12106659,Omicron,BA.1.17.2,2022-04-03
-5.991314,-44.5354,6,EPI_ISL_12039023,Omicron,BA.1.15,2022-03-28
-6.147464,-44.613464,6,EPI_ISL_9124768,Omicron,BA.1.15.1,2022-01-17
-6.014287,-44.668015,6,EPI_ISL_10945431,Omicron,BA.1.15,2021-12-29
-6.0691795,-44.675873,6,EPI_ISL_9020477,Omicron,BA.1.17.2,2022-01-17
-6.108324,-44.676018,6,EPI_ISL_10703232,Omicron,BA.1.15,2022-02-07
-6.06909,-44.644573,6,EPI_ISL_8944438,Omicron,BA.1.15.1,2022-01-13
-6.0848236,-44.668034,6,EPI_ISL_10359286,Omicron,Unassigned,2022-02-11
-6.108229,-44.675682,6,EPI_ISL_11226140,Omicron,BA.1.15.1,2022-03-05
-6.131632,-44.66006,6,EPI_ISL_9762628,Omicron,BA.1.20,2022-01-08
-6.092576,-44.668148,6,EPI_ISL_10420250,Omicron,BA.1,2022-02-17
-6.00671,-44.566525,6,EPI_ISL_9300025,Omicron,BA.1,2022-01-22
-6.1315813,-44.68388,6,EPI_ISL_11106092,Omicron,BA.1.13.1,2022-02-04
-5.928644,-44.51168,6,EPI_ISL_9933434,Omicron,BA.1.18,2022-01-22
-6.00675,-44.550858,6,EPI_ISL_10365619,Omicron,BA.1.18,2022-02-07
-6.1471643,-44.722687,6,EPI_ISL_9135145,Omicron,BA.1.17.2,2022-01-16
-6.1550817,-44.644695,6,EPI_ISL_13181330,Omicron,BA.1.21,2022-01-13
-6.084921,-44.62897,6,EPI_ISL_10879553,Omicron,BA.1.17,2022-02-25
-4.639488,-42.691402,6,EPI_ISL_10724129,Omicron,BA.1,2022-01-31
-6.0223064,-44.58989,6,EPI_ISL_10741915,Omicron,BA.1,2022-02-17
-4.6315155,-42.488235,6,EPI_ISL_12690993,Omicron,BA.1.20,2022-01-09
-6.0612364,-44.629105,6,EPI_ISL_8966465,Omicron,BA.1.17.2,2022-01-14
-6.084792,-44.683468,6,EPI_ISL_10786555,Omicron,BA.1,2022-02-06
-6.0847216,-44.675816,6,EPI_ISL_10820126,Omicron,BA.1.15,2022-01-12
-6.116185,-44.691605,6,EPI_ISL_9712091,Omicron,BA.1.19,2022-01-29
-6.09214,-44.652264,6,EPI_ISL_10057072,Omicron,BA.1.15,2022-02-10
-6.0614433,-44.64451,6,EPI_ISL_9253887,Omicron,BA.1.15.1,2022-01-21
-6.0068455,-44.566475,6,EPI_ISL_9838815,Omicron,BA.1.15.1,2022-02-06
-6.0458837,-44.72277,6,EPI_ISL_17122907,Omicron,BA.1.17,2021-12-27
-6.116005,-44.675797,6,EPI_ISL_9439880,Omicron,BA.1,2022-01-27
-4.7097206,-42.472595,6,EPI_ISL_10828625,Omicron,BA.1.15,2022-02-01
-6.092861,-44.65231,6,EPI_ISL_8853506,Omicron,BA.1.12,2022-01-11
-6.14732,-44.707,6,EPI_ISL_8816478,Omicron,BA.1.17.2,2022-01-10
-6.147253,-44.730545,6,EPI_ISL_10530582,Omicron,BA.1,2022-02-22
-6.061433,-44.636826,6,EPI_ISL_11327404,Omicron,BA.1.17.2,2022-02-12
-6.0613747,-44.644634,6,EPI_ISL_10183404,Omicron,BA.1.15.1,2022
-6.092699,-44.668068,6,EPI_ISL_9567376,Omicron,BA.1.15.1,2022-01-25
-5.9910116,-44.5822,6,EPI_ISL_11206646,Omicron,BA.1,2022-01-23
-6.108206,-44.67589,6,EPI_ISL_14822551,Omicron,BA.1.17.2,2022-02-28
-6.163083,-44.72257,6,EPI_ISL_9387961,Omicron,BA.1,2022-01-23
-5.9755526,-44.566547,6,EPI_ISL_9467637,Omicron,BA.1.20,2022-01-13
-6.1082954,-44.62912,6,EPI_ISL_9681572,Omicron,BA.1,2022-01-31
-6.045679,-44.675896,6,EPI_ISL_11071361,Omicron,BA.1.16.2,2022-02-20
-6.084934,-44.66017,6,EPI_ISL_11386356,Omicron,BA.1,2022-03-07
-6.1158285,-44.683624,6,EPI_ISL_9433758,Omicron,BA.1,2021-12-27
-6.084858,-44.636703,6,EPI_ISL_8594275,Omicron,BA.1.20,2021-12-22
-6.061426,-44.636993,6,EPI_ISL_9187471,Omicron,BA.1.18,2022-01-10
-6.1160603,-44.675957,6,EPI_ISL_9247208,Omicron,BA.1.15.1,2022-01-21
-6.0692587,-44.66031,6,EPI_ISL_7987897,Omicron,BA.1.17,2021-12-15
-6.0458927,-44.683693,6,EPI_ISL_10256196,Omicron,BA.1,2022-02-06
-5.19417,-43.74615,6,EPI_ISL_13221752,Omicron,BA.1.17.2,2022-01-04
-6.1630306,-44.72281,6,EPI_ISL_11074358,Omicron,BA.1.15,2022-02-10
-6.1082993,-44.67586,6,EPI_ISL_7545753,Omicron,BA.1,2021-12-04
-6.14752,-44.707096,6,EPI_ISL_8942717,Omicron,BA.1.17.2,2022-01-13
-6.053566,-44.65246,6,EPI_ISL_7771439,Omicron,BA.1,2021-12-03
-6.131776,-44.715023,6,EPI_ISL_8465022,Omicron,BA.1.17.2,2021-12-13
-6.123951,-44.691536,6,EPI_ISL_9023119,Omicron,BA.1.15.1,2022-01-17
-5.9597797,-44.4885,6,EPI_ISL_9442182,Omicron,BA.1.17.2,2022-01-25
-6.0693674,-44.6445,6,EPI_ISL_10479774,Omicron,BA.1.17.2,2022-02-10
-6.069174,-44.63685,6,EPI_ISL_10985604,Omicron,BA.1,2022-02-20
-6.116188,-44.683563,6,EPI_ISL_11172609,Omicron,BA.1.17,2022-01-31
-4.7097545,-42.707188,6,EPI_ISL_12559885,Omicron,BA.1.1,2022-03-08
-6.0927505,-44.675972,6,EPI_ISL_6939061,Omicron,BA.1,2021-11-24
-6.092413,-44.668037,6,EPI_ISL_7937781,Omicron,BA.1.17.2,2021-12-14
-6.1239214,-44.691338,6,EPI_ISL_8964195,Omicron,BA.1.17.2,2022-01-15
-6.092538,-44.597847,6,EPI_ISL_12372703,Omicron,BA.1.18,2022-01-18
-6.076868,-44.707108,6,EPI_ISL_10250227,Omicron,BA.1.17,2022-01-06
-6.0455875,-44.519512,6,EPI_ISL_17510065,Omicron,BA.1.18,2022-01-08
-6.147398,-44.71495,6,EPI_ISL_9441079,Omicron,BA.1,2022-01-27
-6.0300875,-44.589985,6,EPI_ISL_11070433,Omicron,BA.1,2022-02-07
-6.022373,-44.574448,6,EPI_ISL_9601985,Omicron,BA.1.13,2022-01-25
-6.100466,-44.660187,6,EPI_ISL_8514045,Omicron,AY.1,2021-12-30
-6.084711,-44.644596,6,EPI_ISL_10512621,Omicron,BA.1.17,2022-02-23
-6.0067263,-44.582493,6,EPI_ISL_8771122,Omicron,BA.1,2022-01-09
-4.701865,-42.957153,6,EPI_ISL_10283778,Omicron,BA.1,2022-02-08
-6.1004925,-44.675705,6,EPI_ISL_8867072,Omicron,BA.1,2021-12-27
-6.1863337,-44.74615,6,EPI_ISL_11037632,Omicron,BA.1.17.2,2022-03-07
-6.061243,-44.628838,6,EPI_ISL_10701550,Omicron,BA.1,2022-01-31
-6.1471043,-44.7148,6,EPI_ISL_9901327,Omicron,BA.1,2022-02-05
-4.5457873,-42.46481,6,EPI_ISL_8431164,Omicron,BA.1,2021-12-17
-6.108365,-44.675873,6,EPI_ISL_9879336,Omicron,BA.1,2022-01-31
-5.8972864,-44.457245,6,EPI_ISL_8854635,Omicron,BA.1.17.2,2022-01-11
-6.115919,-44.53537,6,EPI_ISL_9367586,Omicron,BA.1.15.1,2022-01-26
-6.045705,-44.722763,6,EPI_ISL_11225775,Omicron,BA.1.16,2021-12-27
-6.092763,-44.68359,6,EPI_ISL_9508945,Omicron,BA.1,2022-01-21
-6.100272,-44.652622,6,EPI_ISL_10957675,Omicron,BA.1,2022-02-02
-6.100605,-44.63668,6,EPI_ISL_10509976,Omicron,BA.1,2022-02-01
-6.108322,-44.636883,6,EPI_ISL_10545876,Omicron,BA.1.15,2022-01-11
-6.100355,-44.644608,6,EPI_ISL_8859086,Omicron,BA.1.15,2022-01-12
-5.9990196,-44.566376,6,EPI_ISL_9826883,Omicron,BA.1,2022-02-04
-5.178462,-43.519386,6,EPI_ISL_10221411,Omicron,BA.1.15,2022-01-19
-6.1318893,-44.6837,6,EPI_ISL_8898367,Omicron,BA.1.15,2022-01-12
-6.0925856,-44.66028,6,EPI_ISL_9866013,Omicron,BA.1.17.2,2022-02-07
-6.061202,-44.621056,6,EPI_ISL_10324235,Omicron,BA.1,2022-02-12
-6.1159086,-44.667927,6,EPI_ISL_9420339,Omicron,Unassigned,2022-01-07
-6.1317377,-44.699257,6,EPI_ISL_10888673,Omicron,BA.1.15.1,2022-03-03
-6.1316185,-44.691685,6,EPI_ISL_8624357,Omicron,BA.1.15,2022-01-02
-4.655059,-42.746185,6,EPI_ISL_9856691,Omicron,BA.1,2022-01-18
-5.9988613,-44.620987,6,EPI_ISL_12364630,Omicron,BA.1.17,2022-01-28
-6.1002407,-44.683807,6,EPI_ISL_10124198,Omicron,BA.1.18,2022-02-01
-6.1158695,-44.683743,6,EPI_ISL_8061899,Omicron,BA.1.15,2021-12-16
-6.022562,-44.589878,6,EPI_ISL_8773282,Omicron,BA.1.17.2,2022-01-10
-6.0612764,-44.652397,6,EPI_ISL_9565976,Omicron,BA.1.17.2,2022-01-25
-6.084957,-44.67575,6,EPI_ISL_9078923,Omicron,BA.1.17.2,2022-01-17
-6.061281,-44.62111,6,EPI_ISL_9117485,Omicron,BA.1,2022-01-19
-6.1549673,-44.73815,6,EPI_ISL_8749415,Omicron,BA.1.18,2022-01-04
-4.600481,-42.816692,6,EPI_ISL_8961505,Omicron,BA.1.17.2,2022-01-14
-6.131648,-44.699238,6,EPI_ISL_7845698,Omicron,BA.1,2021-12-11
-6.139593,-44.714993,6,EPI_ISL_8560241,Omicron,BA.1,2022-01-03
-6.0536165,-44.660206,6,EPI_ISL_9777946,Omicron,BA.1,2022-02-04
-6.0614586,-44.629066,6,EPI_ISL_10789843,Omicron,BA.1.15,2022-02-16
-6.1162558,-44.675724,6,EPI_ISL_11657273,Omicron,BA.1.17,2022-03-08
-6.0771275,-44.629112,6,EPI_ISL_9820304,Omicron,BA.1,2022-01-25
-6.1471415,-44.730644,6,EPI_ISL_8150184,Omicron,BA.1.15,2021-12-14
-5.9363756,-44.48839,6,EPI_ISL_9713554,Omicron,BA.1,2022-01-19
-6.0456944,-44.613384,6,EPI_ISL_9660333,Omicron,BA.1,2022-01-22
-6.131713,-44.699295,6,EPI_ISL_8944623,Omicron,BA.1.17.2,2022-01-13
-6.131674,-44.69922,6,EPI_ISL_8857301,Omicron,BA.1.17.2,2022-01-09
-6.0925655,-44.730698,6,EPI_ISL_9864158,Omicron,BA.1.17.2,2022-02-07
-6.108368,-44.683556,6,EPI_ISL_12599143,Omicron,BA.1,2022-01-13
-6.1159687,-44.668037,6,EPI_ISL_9191359,Omicron,BA.1.17,2022-01-11
-5.248915,-43.777412,6,EPI_ISL_12922064,Omicron,BA.1,2022-02-15
-5.9440765,-44.59772,6,EPI_ISL_9587040,Omicron,BA.1,2022-01-08
-6.0847263,-44.66027,6,EPI_ISL_9669969,Omicron,BA.1.20,2022-01-21
-6.108267,-44.6836,6,EPI_ISL_9319838,Omicron,BA.1,2022-01-12
-6.100444,-44.668007,6,EPI_ISL_9277939,Omicron,BA.1,2022-01-21
-6.115924,-44.683586,6,EPI_ISL_9999106,Omicron,BA.1,2022-02-10
-6.1317406,-44.59784,6,EPI_ISL_11162007,Omicron,Unassigned,2022-03-04
-6.1707945,-44.74612,6,EPI_ISL_11407375,Omicron,BA.1,2021-12-31
-6.0925055,-44.652332,6,EPI_ISL_15865053,Omicron,BA.1,2022-05-19
-6.0849447,-44.668015,6,EPI_ISL_9993520,Omicron,BA.1,2022-02-10
-6.18647,-44.73844,6,EPI_ISL_9531014,Omicron,BA.1,2022-01-10
-6.0379114,-44.605568,6,EPI_ISL_11354622,Omicron,BA.1.18,2022-03-07
-4.600464,-42.519497,6,EPI_ISL_12485196,Omicron,BA.1,2022-04-05
-6.2565804,-44.83982,6,EPI_ISL_8778093,Omicron,BA.1.17.2,2022-01-10
-6.0536604,-44.621174,6,EPI_ISL_10039169,Omicron,Unassigned,2022-01-30
-6.1473513,-44.707237,6,EPI_ISL_8755883,Omicron,BA.1.17.2,2022-01-08
-5.9833565,-44.5744,6,EPI_ISL_9997400,Omicron,BA.1.17.2,2022-02-10
-6.069187,-44.652435,6,EPI_ISL_11007715,Omicron,BA.1.15,2021-12-28
-6.092537,-44.67592,6,EPI_ISL_8965210,Omicron,BA.1.15.1,2022-01-15
-6.0847187,-44.60526,6,EPI_ISL_8462715,Omicron,BA.1.15.1,2021-12-28
-6.0848827,-44.64467,6,EPI_ISL_12275171,Omicron,BA.1,2022-02-23
-6.0693045,-44.636826,6,EPI_ISL_9514946,Omicron,BA.1.17,2022-01-04
-4.623599,-42.519363,6,EPI_ISL_15022596,Omicron,BA.1.15,2022-05-25
-6.1471996,-44.707134,6,EPI_ISL_9063461,Omicron,BA.1.17.2,2022-01-17
-6.0927534,-44.675922,6,EPI_ISL_10938944,Omicron,BA.1.15,2022-03-03
-6.0067396,-44.543015,6,EPI_ISL_8882893,Omicron,BA.1.18,2022-01-03
-6.139408,-44.707294,6,EPI_ISL_10781901,Omicron,BA.1.15,2022-02-24
-6.1393948,-44.707134,6,EPI_ISL_9195304,Omicron,BA.1.17.2,2022-01-09
-4.5847187,-42.42569,6,EPI_ISL_8382039,Omicron,BA.1,2021-12-23
-6.131716,-44.691673,6,EPI_ISL_9976024,Omicron,BA.1.15,2022-01-08
-6.108238,-44.51963,6,EPI_ISL_8636493,Omicron,BA.1,2021-12-14
-6.061371,-44.621273,6,EPI_ISL_9694873,Omicron,BA.1.17.2,2022-01-06
-6.045725,-44.59765,6,EPI_ISL_10508592,Omicron,BA.1.17.2,2022-02-05
-6.15514,-44.730385,6,EPI_ISL_9688266,Omicron,BA.1,2022-01-22
-6.0144615,-44.6053,6,EPI_ISL_8929059,Omicron,BA.1.18,2022-01-11
-6.053358,-44.62121,6,EPI_ISL_9722034,Omicron,BA.1.15.1,2022-02-03
-6.0143948,-44.6213,6,EPI_ISL_9674995,Omicron,BA.1.18,2022-01-22
-5.983391,-44.51963,6,EPI_ISL_11638449,Omicron,BA.1.18,2022-03-16
-6.0690937,-44.64475,6,EPI_ISL_8136272,Omicron,BA.1.17.2,2021-12-19
-6.178522,-44.73832,6,EPI_ISL_12906760,Omicron,BA.1.17.2,2022-04-03
-6.225216,-44.769627,6,EPI_ISL_8843420,Omicron,BA.1,2022-01-05
-5.584896,-43.598045,6,EPI_ISL_9180420,Omicron,BA.1.15,2022-01-19
-6.1784163,-44.753967,6,EPI_ISL_9267063,Omicron,BA.1.17,2022-01-12
-6.139454,-44.683743,6,EPI_ISL_9295737,Omicron,BA.1.16,2022-01-23
-6.100621,-44.683704,6,EPI_ISL_10670394,Omicron,BA.1.15.1,2022-02-18
-6.076927,-44.66032,6,EPI_ISL_14647641,Omicron,BA.1.17.2,2022-01-10
-6.1005697,-44.676037,6,EPI_ISL_8599810,Omicron,BA.1,2021-12-23
-6.10021,-44.675926,6,EPI_ISL_8972298,Omicron,BA.1.17.2,2022-01-14
-6.248885,-44.832203,6,EPI_ISL_8449902,Omicron,BA.1.17.2,2022-01-01
-6.030039,-44.668095,6,EPI_ISL_11968852,Omicron,BA.1.20,2022-03-03
-6.202038,-44.753906,6,EPI_ISL_8777155,Omicron,BA.1.17.2,2022-01-08
-6.076994,-44.636833,6,EPI_ISL_10835327,Omicron,BA.1.15,2022-01-17
-6.006629,-44.582176,6,EPI_ISL_9613245,Omicron,BA.1,2022-01-31
-6.092676,-44.660343,6,EPI_ISL_9513504,Omicron,BA.1.17,2022-01-25
-6.0849724,-44.660248,6,EPI_ISL_9019081,Omicron,BA.1.17.2,2022-01-17
-6.07699,-44.605446,6,EPI_ISL_15814833,Omicron,BA.1.17,2022-02-07
-6.139367,-44.691647,6,EPI_ISL_10672721,Omicron,BA.1.17.2,2022-02-26
-6.0770206,-44.644833,6,EPI_ISL_11003798,Omicron,BA.1,2022-01-12
-6.076956,-44.691525,6,EPI_ISL_13791061,Omicron,BA.1.15,2021-12-31
-6.1629076,-44.652435,6,EPI_ISL_9293513,Omicron,BA.1.15,2022-01-20
-6.09266,-44.668217,6,EPI_ISL_10835262,Omicron,BA.1.15,2022-01-17
-6.147131,-44.730507,6,EPI_ISL_11657869,Omicron,BA.1.17.2,2022-03-17
-6.0925064,-44.6523,6,EPI_ISL_11641200,Omicron,BA.1.18,2022-03-15
-6.123867,-44.730366,6,EPI_ISL_10256385,Omicron,BA.1,2022-02-10
-4.80346,-43.105247,6,EPI_ISL_8982544,Omicron,BA.1,2022-01-06
-6.123822,-44.67584,6,EPI_ISL_9122045,Omicron,BA.1,2022-01-11
-6.108305,-44.66819,6,EPI_ISL_10254472,Omicron,BA.1.1,2022-01-27
-6.069314,-44.660233,6,EPI_ISL_8814777,Omicron,BA.1,2022-01-10
-6.061384,-44.605606,6,EPI_ISL_10003419,Omicron,BA.1,2022-02-08
-6.1002426,-44.699173,6,EPI_ISL_9840874,Omicron,BA.1.15.1,2022-02-05
-6.1080427,-44.6211,6,EPI_ISL_16862940,Omicron,BA.1.17,2022-02-20
-6.084713,-44.675823,6,EPI_ISL_9646891,Omicron,BA.1,2022-01-31
-6.1005106,-44.691544,6,EPI_ISL_10769201,Omicron,BA.1.17.2,2022-02-13
-6.116106,-44.683525,6,EPI_ISL_9295512,Omicron,BA.1.15.1,2022-01-23
-4.7096796,-42.128937,6,EPI_ISL_11241419,Omicron,BA.1.15,2022-01-19
-6.0846605,-44.644688,6,EPI_ISL_11004302,Omicron,BA.1.17.2,2022-03-01
-6.0458593,-44.660088,6,EPI_ISL_9343866,Omicron,BA.1.15,2022-01-12
-6.053385,-44.62903,6,EPI_ISL_11173439,Omicron,BA.1.15,2021-12-25
-6.0848656,-44.66021,6,EPI_ISL_9176479,Omicron,BD.1,2022-01-21
-6.123804,-44.683784,6,EPI_ISL_10819449,Omicron,BA.1.15,2022-01-10
-4.6317263,-42.26928,6,EPI_ISL_11442628,Omicron,BA.1,2022-01-31
-6.147274,-44.714943,6,EPI_ISL_8703926,Omicron,BA.1.17,2022-01-07
-4.639323,-43.050552,6,EPI_ISL_11076094,Omicron,BA.1.17.2,2022-03-09
-6.0456657,-44.68364,6,EPI_ISL_11037039,Omicron,BA.1,2022-01-23
-4.545739,-42.449116,6,EPI_ISL_8933197,Omicron,BA.1.17.2,2022-01-13
-6.1004896,-44.668213,6,EPI_ISL_9205788,Omicron,BA.1.15,2022-01-05
-6.0927296,-44.668182,6,EPI_ISL_14493139,Omicron,BA.1,2022-08-03
-6.1396275,-44.550823,6,EPI_ISL_11009170,Omicron,BA.1,2021-12-24
-6.1081038,-44.636856,6,EPI_ISL_12194723,Omicron,BA.1.14,2022-03-14
-5.9363565,-44.457016,6,EPI_ISL_11355305,Omicron,BA.1.17.2,2022-01-12
-6.0538883,-44.68354,6,EPI_ISL_10819231,Omicron,BA.1.15,2022-01-11
-5.9988203,-44.5274,6,EPI_ISL_9292131,Omicron,BA.1,2022-01-20
-6.139305,-44.69933,6,EPI_ISL_9980273,Omicron,BA.1.15,2022-02-02
-6.1005077,-44.652626,6,EPI_ISL_12222186,Omicron,BA.1.18,2022-01-17
-6.13955,-44.71501,6,EPI_ISL_9249942,Omicron,BA.1.17.2,2022-01-21
-6.0924644,-44.675877,6,EPI_ISL_13430528,Omicron,BA.1.1,2022-02-18
-6.139435,-44.69129,6,EPI_ISL_8772415,Omicron,BA.1.17.2,2022-01-10
-6.1785393,-44.62127,6,EPI_ISL_12934856,Omicron,BA.1.15,2022-04-25
-6.076887,-44.550793,6,EPI_ISL_8813382,Omicron,BA.1.16,2021-12-23
-6.155079,-44.722664,6,EPI_ISL_9688043,Omicron,BA.1.17,2022-01-26
-6.0067472,-44.581993,6,EPI_ISL_9981728,Omicron,BA.1,2022-02-07
-4.6940475,-42.503845,6,EPI_ISL_9117420,Omicron,BA.1.17.2,2022-01-18
-6.053754,-44.511658,6,EPI_ISL_9985305,Omicron,BA.1.1.1,2022-02-01
-6.1237926,-44.70725,6,EPI_ISL_8183809,Omicron,BA.1,2021-12-17
-6.077112,-44.652306,6,EPI_ISL_11162159,Omicron,BA.1,2022-03-07
-6.0770254,-44.63685,6,EPI_ISL_9977167,Omicron,BA.1,2022-02-01
-6.1161194,-44.691402,6,EPI_ISL_10532692,Omicron,BA.1.15,2022-01-31
-6.0613327,-44.62094,6,EPI_ISL_9187092,Omicron,BA.1.15,2022-01-10
-6.0925484,-44.636726,6,EPI_ISL_10944669,Omicron,BA.1.15,2021-12-28
-5.944072,-44.519638,6,EPI_ISL_9065563,Omicron,BA.1,2022-01-18
-6.1864567,-44.7697,6,EPI_ISL_10418727,Omicron,BA.1.17.2,2022-02-20
-6.092573,-44.683685,6,EPI_ISL_10697159,Omicron,BA.1.20,2022-02-13
-6.100461,-44.72249,6,EPI_ISL_11815593,Omicron,BA.1.15,2022-03-05
-6.1238422,-44.668148,6,EPI_ISL_9119423,Omicron,BA.1.15.1,2022-01-19
-6.0846376,-44.675888,6,EPI_ISL_9205650,Omicron,BA.1.15,2022-01-06
-6.1238594,-44.699192,6,EPI_ISL_9223956,Omicron,BA.1,2022-01-19
-6.038059,-44.597717,6,EPI_ISL_10400361,Omicron,BA.1,2022-02-19
-6.069071,-44.644638,6,EPI_ISL_9474900,Omicron,BA.1.18,2022-01-17
-6.0692263,-44.589916,6,EPI_ISL_8818786,Omicron,BA.1.17.2,2022-01-13
-6.108074,-44.683525,6,EPI_ISL_9786926,Omicron,BA.1,2022-02-04
-6.061384,-44.62137,6,EPI_ISL_11327412,Omicron,BA.1.6,2022-02-14
-5.928626,-44.58215,6,EPI_ISL_9797699,Omicron,BA.1.17,2022-01-03
-4.5225863,-42.378815,6,EPI_ISL_12594037,Omicron,BA.2,2022-04-21
-5.9677887,-44.543327,6,EPI_ISL_9380056,Omicron,BA.1.17.2,2022-01-24
-6.0456867,-44.699276,6,EPI_ISL_10230523,Omicron,BA.1.15,2022-02-07
-6.108241,-44.68356,6,EPI_ISL_10250194,Omicron,BA.1.17,2022-01-06
-6.0769815,-44.652527,6,EPI_ISL_17311526,Omicron,BA.1,2022-01-20
-6.1629105,-44.730423,6,EPI_ISL_9284808,Omicron,BA.1.15.1,2022-01-22
-6.1630955,-44.73063,6,EPI_ISL_8773995,Omicron,BA.1.17.2,2022-01-08
-6.084799,-44.660316,6,EPI_ISL_11778761,Omicron,BA.1.19,2022-01-06
-6.084587,-44.66815,6,EPI_ISL_8427766,Omicron,BA.1.15,2021-12-21
-5.998827,-44.613358,6,EPI_ISL_10917936,Omicron,BA.1.15,2022-02-28
-6.1159973,-44.60561,6,EPI_ISL_7644806,Omicron,BA.1.14,2021-12-05
-6.076915,-44.644768,6,EPI_ISL_10823292,Omicron,BA.1.15,2022-01-14
-6.1004868,-44.66031,6,EPI_ISL_11973109,Omicron,BA.1,2022-02-01
-6.100463,-44.652397,6,EPI_ISL_16195253,Omicron,BA.1.17,2022-01-19
-6.123804,-44.691387,6,EPI_ISL_9628424,Omicron,BA.1.15,2022-01-14
-5.241007,-43.63658,6,EPI_ISL_10007550,Omicron,BA.1,2022-01-16
-5.967758,-44.574265,6,EPI_ISL_9748696,Omicron,BA.1,2022-01-20
-4.607736,-42.464634,6,EPI_ISL_11739819,Omicron,BA.1.15.1,2022-03-02
-6.1002817,-44.66031,6,EPI_ISL_10254875,Omicron,BA.1,2022-02-01
-5.8973875,-44.65238,6,EPI_ISL_9736509,Omicron,BA.1.17.2,2022-02-02
-5.920824,-44.504066,6,EPI_ISL_9317340,Omicron,BA.1,2022-01-24
-6.0769806,-44.58984,6,EPI_ISL_9025568,Omicron,BA.1,2022-01-17
-6.0457077,-44.589836,6,EPI_ISL_9777947,Omicron,BA.1,2022-02-03
-6.08486,-44.691597,6,EPI_ISL_9687553,Omicron,BA.1.17.2,2022-01-31
-6.0929155,-44.644627,6,EPI_ISL_8755206,Omicron,BA.1,2022-01-09
-6.0300465,-44.61338,6,EPI_ISL_9384768,Omicron,BA.1.17.2,2022-01-04
-6.069132,-44.66807,6,EPI_ISL_9698492,Omicron,BA.1.19,2022-01-26
-6.162962,-44.707066,6,EPI_ISL_8838389,Omicron,BA.1.20,2022-01-04
-6.1003656,-44.65265,6,EPI_ISL_11222903,Omicron,BA.1.18,2021-12-22
-6.1240826,-44.668102,6,EPI_ISL_11379325,Omicron,BA.1.17.2,2022-02-01
-6.1470985,-44.74608,6,EPI_ISL_8862193,Omicron,BA.1.15.1,2022-01-11
-6.1080713,-44.68358,6,EPI_ISL_11562745,Omicron,BA.1,2021-12-31
-4.631643,-42.41022,6,EPI_ISL_10920218,Omicron,BA.1.21,2022-03-02
-6.045638,-44.668015,6,EPI_ISL_10100195,Omicron,BA.1,2022-02-14
-5.975211,-44.535164,6,EPI_ISL_8758435,Omicron,BA.1.17.2,2022-01-08
-6.0378523,-44.738297,6,EPI_ISL_8436187,Omicron,BA.1.15,2021-12-24
-6.1003895,-44.652542,6,EPI_ISL_8951406,Omicron,BA.1.15,2021-12-30
-5.9753113,-44.746166,6,EPI_ISL_8932083,Omicron,BA.1.15.1,2022-01-13
-6.139454,-44.714886,6,EPI_ISL_9849959,Omicron,BA.1.15.1,2022-01-11
-6.0378494,-44.629013,6,EPI_ISL_8819905,Omicron,BA.1.15.1,2022-01-10
-6.147313,-44.730408,6,EPI_ISL_11252640,Omicron,BA.1.15,2022-03-02
-6.1003513,-44.65241,6,EPI_ISL_16196922,Omicron,BA.1.21,2022-06-03
-6.1082897,-44.683395,6,EPI_ISL_12379524,Omicron,BA.1.17.2,2022-03-02
-6.069276,-44.605434,6,EPI_ISL_9186319,Omicron,BA.1.15,2022-01-10
-5.9520044,-44.613342,6,EPI_ISL_11359814,Omicron,BA.1.15,2022-01-24
-6.13167,-44.707005,6,EPI_ISL_8350087,Omicron,BA.1.12,2021-12-15
-6.1629725,-44.73047,6,EPI_ISL_6699742,Omicron,BA.1.21,2021-11-18
-6.178467,-44.74624,6,EPI_ISL_9689755,Omicron,BA.1.15.1,2022
-6.13188,-44.69921,6,EPI_ISL_11073373,Omicron,BA.2,2022-02-23
-6.2097235,-44.78528,6,EPI_ISL_9030705,Omicron,BA.1.20,2021-12-28
-6.0535,-44.62131,6,EPI_ISL_9613340,Omicron,BA.1,2022-01-30
-6.178583,-44.754097,6,EPI_ISL_10098092,Omicron,BA.1.18,2022-02-14
-5.944111,-44.488255,6,EPI_ISL_10823815,Omicron,BA.1.15,2022-01-25
-6.108452,-44.683594,6,EPI_ISL_10037352,Omicron,Unassigned,2022-01-19
-5.920781,-44.746124,6,EPI_ISL_10837349,Omicron,BA.1.15,2021-12-30
-6.0848227,-44.660313,6,EPI_ISL_9176280,Omicron,BA.1.15,2022-01-20
-5.9364395,-44.496147,6,EPI_ISL_11361556,Omicron,BA.1,2022-03-01
-6.1471653,-44.69911,6,EPI_ISL_9567462,Omicron,BA.1.17.2,2022-01-29
-6.0926332,-44.660378,6,EPI_ISL_8859131,Omicron,BA.1.17,2022-01-10
-6.1236973,-44.675735,6,EPI_ISL_9660362,Omicron,BA.1,2022-01-24
-6.030159,-44.550995,6,EPI_ISL_11021566,Omicron,BA.1.21,2022-02-21
-6.037817,-44.566605,6,EPI_ISL_8944360,Omicron,BA.1.17.2,2022-01-13
-6.1706123,-44.738346,6,EPI_ISL_9290150,Omicron,BA.1.17.2,2022-01-23
-6.0927687,-44.652496,6,EPI_ISL_9291592,Omicron,BA.1.17.2,2022-01-23
-6.139574,-44.714905,6,EPI_ISL_10830254,Omicron,BA.1,2022-01-20
-4.7253065,-43.02742,6,EPI_ISL_11290628,Omicron,BA.1,2022-02-20
-6.0849934,-44.667976,6,EPI_ISL_9930817,Omicron,BA.1,2022-01-24
-6.124007,-44.69137,6,EPI_ISL_10801894,Omicron,BA.1,2022-02-27
-4.71765,-42.621082,6,EPI_ISL_8920212,Omicron,BA.1,2022-01-06
-6.1316643,-44.589962,6,EPI_ISL_11062314,Omicron,BA.1.17.2,2022-02-25
-6.1003714,-44.691612,6,EPI_ISL_8934579,Omicron,BA.1.17.2,2022-01-14
-5.8896217,-44.566586,6,EPI_ISL_12202127,Omicron,BA.1.17,2022-02-03
-6.084778,-44.636864,6,EPI_ISL_13368100,Omicron,BA.1.17.2,2022-01-10
-6.0614414,-44.644688,6,EPI_ISL_8830961,Omicron,BA.1.15,2021-12-29
-6.0847435,-44.63693,6,EPI_ISL_9290011,Omicron,BA.1.17.2,2022-01-23
-6.0534716,-44.605515,6,EPI_ISL_9963855,Omicron,BA.1.17,2022-01-28
-5.9834843,-44.574413,6,EPI_ISL_10495553,Omicron,BA.1.17.2,2022-01-30
-6.1394444,-44.70706,6,EPI_ISL_9950574,Omicron,BA.1.15,2022-01-24
-4.5691338,-42.902218,6,EPI_ISL_9359018,Omicron,BA.1.15.1,2022-01-26
-6.045929,-44.675777,6,EPI_ISL_9365102,Omicron,BA.1.17.2,2022-01-25
-6.1237755,-44.70726,6,EPI_ISL_9284102,Omicron,BA.1.15,2022-01-21
-5.967701,-44.527534,6,EPI_ISL_9786629,Omicron,BA.1.15.1,2022-02-04
-6.084939,-44.652374,6,EPI_ISL_8816185,Omicron,BA.1,2022-01-07
-6.170865,-44.7306,6,EPI_ISL_10464959,Omicron,BA.1.15,2022-02-13
-6.03784,-44.59762,6,EPI_ISL_9461666,Omicron,BA.1,2022-01-04
-6.0613327,-44.56647,6,EPI_ISL_8799004,Omicron,BA.1.17,2022-01-09
-6.0770845,-44.63688,6,EPI_ISL_9309330,Omicron,BA.1.15.1,2022-01-24
-6.092453,-44.652466,6,EPI_ISL_9178116,Omicron,BA.1.17.2,2022-01-19
-5.9598103,-44.60582,6,EPI_ISL_9527612,Omicron,BA.1.15,2022-01-15
-6.045597,-44.589798,6,EPI_ISL_11852622,Omicron,BA.1.18,2022-01-11
-6.12364,-44.69931,6,EPI_ISL_11168464,Omicron,BA.1.18,2022-02-21
-6.139348,-44.69938,6,EPI_ISL_16196924,Omicron,BA.1.17,2022-03-09
-4.4987907,-42.41004,6,EPI_ISL_10791450,Omicron,BA.1.15,2022-02-17
-6.045766,-44.68348,6,EPI_ISL_10563498,Omicron,BA.1,2022-02-09
-4.8817816,-43.41029,6,EPI_ISL_10118119,Omicron,BA.1.17.2,2022-01-16
-6.1083555,-44.691414,6,EPI_ISL_11964606,Omicron,BA.1.17.2,2022-03-21
-6.1158705,-44.668087,6,EPI_ISL_9254192,Omicron,BA.1.16,2022-01-21
-6.1006126,-44.667984,6,EPI_ISL_9250555,Omicron,BA.1.15.1,2022-01-20
-6.08465,-44.644638,6,EPI_ISL_8325693,Omicron,BA.1,2021-12-24
-6.0537167,-44.652233,6,EPI_ISL_14084940,Omicron,BA.1,2022-03-09
-6.1082153,-44.683666,6,EPI_ISL_8940855,Omicron,BA.1,2022-01-14
-6.13953,-44.69924,6,EPI_ISL_9659375,Omicron,BA.1,2022-01-19
-6.037904,-44.652428,6,EPI_ISL_10543158,Omicron,BA.1.17.2,2022-02-16
-6.076909,-44.66026,6,EPI_ISL_10563387,Omicron,BA.1,2021-12-31
-5.967779,-44.58999,6,EPI_ISL_8898440,Omicron,BA.1.15,2022-01-11
-6.0457478,-44.5977,6,EPI_ISL_8945874,Omicron,BA.1.17.2,2022-01-13
-6.14746,-44.72252,6,EPI_ISL_9464465,Omicron,BA.1,2022-01-11
-6.108452,-44.6758,6,EPI_ISL_8515568,Omicron,BA.1.15,2021-12-20
-6.1319485,-44.707222,6,EPI_ISL_9461033,Omicron,BA.1.21,2021-12-17
-6.1004148,-44.668022,6,EPI_ISL_8801353,Omicron,BA.1,2021-12-21
-4.9520326,-43.41803,6,EPI_ISL_11756315,Omicron,BA.1.15,2022-02-24
-6.147196,-44.746235,6,EPI_ISL_12931483,Omicron,BA.1.18,2022-02-09
-6.0146294,-44.605564,6,EPI_ISL_9672854,Omicron,BA.1.17,2022-01-07
-6.0301857,-44.60555,6,EPI_ISL_8971135,Omicron,BA.1.17.2,2022-01-15
-5.9441547,-44.519554,6,EPI_ISL_9912515,Omicron,BA.1.15,2022-01-24
-6.053668,-44.636784,6,EPI_ISL_10268579,Omicron,BA.1,2022-02-05
-6.1472683,-44.69936,6,EPI_ISL_8772756,Omicron,BA.1.15.1,2022-01-08
-4.654893,-42.566383,6,EPI_ISL_11663035,Omicron,BA.1.17.2,2022-01-19
-6.1160088,-44.68355,6,EPI_ISL_8860001,Omicron,BA.1.14,2022-01-10
-6.0300503,-44.66017,6,EPI_ISL_10117725,Omicron,BA.1,2022-02-15
-6.022151,-44.652374,6,EPI_ISL_8755418,Omicron,BA.1,2022-01-04
-6.1005354,-44.691406,6,EPI_ISL_8468996,Omicron,BA.1,2021-12-19
-6.1082706,-44.676098,6,EPI_ISL_9597880,Omicron,BA.1.17.2,2022-01-31
-4.647209,-42.425705,6,EPI_ISL_10703173,Omicron,BA.1.15,2022-02-06
-6.0770054,-44.65238,6,EPI_ISL_8653650,Omicron,BA.1,2022-01-03
-6.108206,-44.629063,6,EPI_ISL_8945488,Omicron,BA.1.15.1,2022-01-12
-6.0769005,-44.66031,6,EPI_ISL_10037646,Omicron,Unassigned,2022-01-17
-6.1003075,-44.660255,6,EPI_ISL_9307100,Omicron,BA.1.17.2,2022-01-25
-6.092619,-44.699333,6,EPI_ISL_10518008,Omicron,BA.1,2022-02-23
-6.0380774,-44.605663,6,EPI_ISL_10558590,Omicron,BA.1,2022-02-16
-5.9439774,-44.589863,6,EPI_ISL_10830801,Omicron,BA.1,2022-01-30
-6.029978,-44.58998,6,EPI_ISL_10037578,Omicron,Unassigned,2022-01-17
-5.990883,-44.53514,6,EPI_ISL_9826703,Omicron,BA.1,2022-02-05
-6.1237545,-44.691498,6,EPI_ISL_10831028,Omicron,BA.1.15.2,2022-02-04
-6.0224237,-44.68363,6,EPI_ISL_8975821,Omicron,BA.1.17.2,2022-01-06
-6.0926476,-44.668,6,EPI_ISL_11202830,Omicron,BA.1,2022-02-01
-6.1005096,-44.668137,6,EPI_ISL_8871601,Omicron,BA.1,2021-12-24
-6.139492,-44.691486,6,EPI_ISL_11450288,Omicron,BA.1.17.2,2022-01-11
-6.1004047,-44.691467,6,EPI_ISL_8602925,Omicron,BA.1.17.2,2021-12-30
-4.592659,-42.37122,6,EPI_ISL_10628392,Omicron,BA.1.17.2,2022-02-18
-6.084894,-44.628914,6,EPI_ISL_8746937,Omicron,BA.1,2022-01-13
-4.6630607,-42.87126,6,EPI_ISL_9430936,Omicron,BA.1,2022-01-04
-4.5925055,-42.863285,6,EPI_ISL_9689049,Omicron,BA.1,2022
-6.1394835,-44.65248,6,EPI_ISL_8932817,Omicron,BA.1.15.1,2022-01-13
-6.1317253,-44.691486,6,EPI_ISL_8092653,Omicron,BD.1,2021-12-18
-4.647193,-42.93351,6,EPI_ISL_10840552,Omicron,BA.1,2022-02-20
-6.0849514,-44.64466,6,EPI_ISL_15740554,Omicron,BA.1,2022
-6.04582,-44.668114,6,EPI_ISL_12061986,Omicron,BA.1.17.2,2022-02-01
-5.9909906,-44.527374,6,EPI_ISL_9277045,Omicron,BA.1.17.2,2022-01-21
-6.069272,-44.63668,6,EPI_ISL_9888579,Omicron,BA.1.17.2,2022-02-09
-6.124008,-44.683857,6,EPI_ISL_9441764,Omicron,BA.1.15.1,2022-01-26
-6.1082497,-44.668167,6,EPI_ISL_10983483,Omicron,BA.1.17,2022-01-30
-6.092499,-44.644726,6,EPI_ISL_8858171,Omicron,BA.1,2022-01-10
-6.1940613,-44.746304,6,EPI_ISL_9176023,Omicron,BA.1,2022-01-04
-6.0847025,-44.62124,6,EPI_ISL_10624102,Omicron,BA.1.15,2022-02-09
-6.131794,-44.644775,6,EPI_ISL_16195530,Omicron,BA.1.17,2022-02-22
-6.1237097,-44.691273,6,EPI_ISL_8942067,Omicron,BA.1.15.1,2022-01-10
-6.030057,-44.613365,6,EPI_ISL_10839257,Omicron,BA.1.15,2022-02-11
-4.7098045,-42.667953,6,EPI_ISL_12278956,Omicron,BA.1.17.2,2022-04-13
-6.0690517,-44.636917,6,EPI_ISL_9306792,Omicron,BA.1.17.2,2022-01-23
-6.084585,-44.675793,6,EPI_ISL_9679237,Omicron,BA.1.21.1,2022-01-11
-4.537858,-42.511475,6,EPI_ISL_9754653,Omicron,BA.1,2022-01-25
-6.0847225,-44.621067,6,EPI_ISL_16197528,Omicron,BA.1.17,2022-03-23
-6.1240153,-44.675903,6,EPI_ISL_10106442,Omicron,BA.1,2022-02-13
-6.0847244,-44.629025,6,EPI_ISL_8780178,Omicron,BA.1.19,2022-01-04
-6.1707354,-44.73057,6,EPI_ISL_10260214,Omicron,BA.1.16,2022-02-01
-6.1472216,-44.71502,6,EPI_ISL_10173230,Omicron,BA.1.18,2022-02-07
-6.1082563,-44.652435,6,EPI_ISL_12202095,Omicron,BA.1,2022-02-02
-6.1550045,-44.707222,6,EPI_ISL_10557802,Omicron,BA.1.17,2022-02-15
-6.0222683,-44.61346,6,EPI_ISL_8785791,Omicron,BA.1,2021-12-22
-4.8269424,-43.285267,6,EPI_ISL_10929046,Omicron,BA.1.17.2,2022-02-18
-6.092737,-44.660233,6,EPI_ISL_8963675,Omicron,BA.1.17.2,2022-01-13
-6.069254,-44.644436,6,EPI_ISL_8780155,Omicron,BA.1.17.2,2022-01-02
-5.990987,-44.652306,6,EPI_ISL_10443462,Omicron,BA.1,2022-02-18
-6.139537,-44.706947,6,EPI_ISL_12326210,Omicron,BA.1.15.1,2022-03-02
-6.0613823,-44.67586,6,EPI_ISL_8875480,Omicron,BA.1,2021-12-31
-5.998872,-44.511894,6,EPI_ISL_9282718,Omicron,BA.1.15,2022-01-21
-4.584838,-42.972668,6,EPI_ISL_8822686,Omicron,BA.1.17.2,2022-01-08
-5.2255096,-43.67621,6,EPI_ISL_12559698,Omicron,BA.1.1,2022-02-26
-6.084812,-44.660294,6,EPI_ISL_9276011,Omicron,BA.1.15.1,2022-01-19
-6.076948,-44.574375,6,EPI_ISL_15973992,Omicron,BA.1.15.1,2022-03-04
-6.09251,-44.68374,6,EPI_ISL_9908564,Omicron,BA.1.15.1,2022-01-25
-6.108241,-44.652336,6,EPI_ISL_9019047,Omicron,BA.1.15,2022-01-17
-6.0379267,-44.613297,6,EPI_ISL_10256036,Omicron,BA.1,2022-02-09
-6.030116,-44.644558,6,EPI_ISL_10728341,Omicron,BA.1.17.2,2022-02-26
-6.006854,-44.691704,6,EPI_ISL_10785295,Omicron,BA.1.20,2022-01-31
-6.08469,-44.660133,6,EPI_ISL_12039433,Omicron,BA.1,2022-03-16
-6.0065384,-44.574295,6,EPI_ISL_10837895,Omicron,BA.1.15,2021-12-27
-6.0066795,-44.566364,6,EPI_ISL_7834390,Omicron,BA.1.15,2021-12-13
-6.084757,-44.660294,6,EPI_ISL_8706987,Omicron,BA.1.6,2022-01-07
-6.16292,-44.738373,6,EPI_ISL_8550127,Omicron,BA.1.15,2021-12-28
-4.576868,-42.511734,6,EPI_ISL_9838312,Omicron,BA.1,2022-02-07
-6.0222883,-44.61342,6,EPI_ISL_9219988,Omicron,BA.1.20,2022-01-21
-6.069008,-44.55081,6,EPI_ISL_13678216,Omicron,BA.1.15,2022-02-05
-6.116125,-44.683628,6,EPI_ISL_11327712,Omicron,BA.1.17.2,2022-02-18
-6.1005325,-44.652374,6,EPI_ISL_10984532,Omicron,BA.1.17.2,2022-02-22
-5.8659315,-44.66808,6,EPI_ISL_10053490,Omicron,BA.1,2022-02-12
-4.6313744,-42.457054,6,EPI_ISL_9965921,Omicron,BA.1.15.1,2022-01-30
-4.576741,-42.48056,6,EPI_ISL_10420904,Omicron,BA.1.15.1,2022-02-19
-6.1081924,-44.68374,6,EPI_ISL_14629308,Omicron,BA.1.21,2022-03-01
-6.061575,-44.636703,6,EPI_ISL_9004274,Omicron,BA.1,2022-01-02
-6.0769644,-44.574406,6,EPI_ISL_10262849,Omicron,BA.1.17,2022-01-24
-6.01447,-44.597733,6,EPI_ISL_8929851,Omicron,BA.1,2022-01-07
-6.155056,-44.730663,6,EPI_ISL_8934699,Omicron,BA.1.17.2,2022-01-14
-6.1238613,-44.691437,6,EPI_ISL_9631360,Omicron,BA.1,2022-01-26
-6.115961,-44.699287,6,EPI_ISL_9290122,Omicron,BA.1.17.2,2022-01-23
-6.1002674,-44.66021,6,EPI_ISL_9013579,Omicron,BA.1,2022-01-10
-6.139451,-44.707085,6,EPI_ISL_10051775,Omicron,BD.1,2022-02-12
-6.0300455,-44.589832,6,EPI_ISL_8860550,Omicron,BA.1,2022-01-08
-4.788,-42.933598,6,EPI_ISL_13192065,Omicron,BA.1.20,2022-03-30
-6.0065613,-44.590057,6,EPI_ISL_10283785,Omicron,BA.1.17,2022-02-06
-6.014431,-44.574173,6,EPI_ISL_17502702,Omicron,BA.1.20,2022-01-08
-6.131509,-44.699326,6,EPI_ISL_9901665,Omicron,BA.1.18,2022-01-30
-5.967798,-44.683655,6,EPI_ISL_11663106,Omicron,BA.1.15.1,2022-01-19
-6.084778,-44.63685,6,EPI_ISL_8336426,Omicron,B.1.1.529,2021-12-31
-6.1004696,-44.628864,6,EPI_ISL_9003185,Omicron,BA.1.17.2,2022-01-09
-6.100506,-44.57437,6,EPI_ISL_9431814,Omicron,BA.1,2022-01-11
-6.155243,-44.70729,6,EPI_ISL_8036121,Omicron,BA.1,2021-12-10
-6.0458717,-44.629017,6,EPI_ISL_8758817,Omicron,BA.1.17.2,2022-01-08
-6.022318,-44.61343,6,EPI_ISL_8981271,Omicron,BA.1.15.1,2022-01-04
-6.1394672,-44.699287,6,EPI_ISL_9842274,Omicron,BA.1.15.1,2022-02-06
-6.1239433,-44.68363,6,EPI_ISL_11858136,Omicron,BA.1.15,2022-01-28
-6.053484,-44.628902,6,EPI_ISL_8852856,Omicron,BA.1.15.1,2022-01-12
-6.0771,-44.6602,6,EPI_ISL_9900551,Omicron,BA.1,2022-02-05
-6.084797,-44.65242,6,EPI_ISL_9617701,Omicron,BA.1.17.2,2022-01-31
-6.123905,-44.683662,6,EPI_ISL_8624586,Omicron,BA.1,2022-01-02
-6.0615454,-44.668083,6,EPI_ISL_12563847,Omicron,BA.1.18,2022-01-02
-6.006729,-44.57428,6,EPI_ISL_9560579,Omicron,BA.1,2022-01-29
-6.0223074,-44.636826,6,EPI_ISL_10835253,Omicron,BA.1,2022-01-17
-6.092718,-44.66808,6,EPI_ISL_8698967,Omicron,BA.1,2021-12-13
-5.272219,-43.6211,6,EPI_ISL_8857491,Omicron,BA.1.17.2,2022-01-11
-6.0067883,-44.566635,6,EPI_ISL_10831668,Omicron,BA.1,2022-01-20
-6.1083508,-44.6367,6,EPI_ISL_9661585,Omicron,BA.1.15,2022-01-18
-6.16302,-44.7072,6,EPI_ISL_10944722,Omicron,BA.1.15.1,2022-02-21
-6.123831,-44.699303,6,EPI_ISL_8777305,Omicron,BA.1.15.1,2022-01-09
-6.092577,-44.675964,6,EPI_ISL_10070887,Omicron,BA.1.17,2022-01-16
-6.0770607,-44.652477,6,EPI_ISL_8725032,Omicron,BA.1,2021-12-22
-4.6630807,-42.67596,6,EPI_ISL_10932705,Omicron,BA.1,2022-02-28
-6.05355,-44.605606,6,EPI_ISL_9827099,Omicron,BA.1.17.2,2022-02-05
-6.1161213,-44.699387,6,EPI_ISL_8867222,Omicron,BA.1,2021-12-30
-6.0222054,-44.59771,6,EPI_ISL_9064698,Omicron,BA.1,2022-01-17
-6.1004324,-44.66817,6,EPI_ISL_10632700,Omicron,BA.1,2022-01-17
-6.0534325,-44.70719,6,EPI_ISL_9308089,Omicron,BA.1.15.1,2022-01-24
-6.0694427,-44.605263,6,EPI_ISL_9863475,Omicron,BA.1.15,2022-02-03
-4.7254467,-43.144814,6,EPI_ISL_9249300,Omicron,BA.1,2022-01-20
-6.0067844,-44.527245,6,EPI_ISL_9783535,Omicron,BA.1,2022-02-03
-6.045781,-44.683807,6,EPI_ISL_8599635,Omicron,BA.1.17.2,2021-12-23
-6.116205,-44.6681,6,EPI_ISL_8582412,Omicron,BA.1.17.2,2022-01-03
-4.709786,-42.13669,6,EPI_ISL_11565576,Omicron,BA.1.17.2,2022-03-14
-5.2565174,-43.605556,6,EPI_ISL_11251533,Omicron,BA.1.17.2,2022-01-20
-6.1237326,-44.683685,6,EPI_ISL_8854047,Omicron,BA.1,2022-01-10
-6.1083803,-44.71499,6,EPI_ISL_11176598,Omicron,BA.2,2022-02-25
-6.123808,-44.699272,6,EPI_ISL_10108851,Omicron,BA.1.17.2,2022-02-09
-6.123949,-44.675823,6,EPI_ISL_10486434,Omicron,BA.1.17.2,2022-02-06
-6.1317873,-44.699425,6,EPI_ISL_8823198,Omicron,BA.1.15,2022-01-07
-6.0771675,-44.699463,6,EPI_ISL_8945142,Omicron,BA.1.17.2,2022-01-12
-6.1082664,-44.660133,6,EPI_ISL_8942338,Omicron,BA.1.17.2,2022-01-08
-6.1004047,-44.660095,6,EPI_ISL_8820514,Omicron,BA.1.18,2022-01-11
-6.1160793,-44.691525,6,EPI_ISL_11223444,Omicron,BA.1.17,2022-02-08
-6.1004343,-44.68367,6,EPI_ISL_9512478,Omicron,BA.1.17.2,2022-01-31
-6.0223465,-44.589943,6,EPI_ISL_9394662,Omicron,BA.1,2022-01-05
-6.0848637,-44.675884,6,EPI_ISL_9787269,Omicron,BA.1.15,2022-01-06
-6.0222816,-44.60567,6,EPI_ISL_10945761,Omicron,BA.1.15,2021-12-28
-6.0536613,-44.62116,6,EPI_ISL_10703108,Omicron,BA.1.15,2022-02-02
-6.1317186,-44.652462,6,EPI_ISL_12188777,Omicron,BA.1.17.2,2022-03-21
-6.1316032,-44.707085,6,EPI_ISL_8776499,Omicron,BA.1,2022-01-07
-6.116106,-44.707123,6,EPI_ISL_11813462,Omicron,BD.1,2022-03-17
-6.1160736,-44.66809,6,EPI_ISL_9504467,Omicron,BA.1.15.1,2022-01-29
-6.092716,-44.675728,6,EPI_ISL_16034212,Omicron,BA.1.17.2,2022-03-29
-6.076956,-44.676018,6,EPI_ISL_9417019,Omicron,BA.1.1.15,2022-01-10
-6.03796,-44.59771,6,EPI_ISL_12025595,Omicron,BA.1.17.2,2022-03-31
-5.9833965,-44.62908,6,EPI_ISL_9827882,Omicron,BA.1.17.2,2022-02-04
-6.123951,-44.69146,6,EPI_ISL_8914730,Omicron,BA.1.20,2022-01-02
-6.0456896,-44.676094,6,EPI_ISL_7895794,Omicron,BA.1,2021-12-13
-6.0848513,-44.636665,6,EPI_ISL_9044332,Omicron,BA.1.15,2021-12-30
-6.0535173,-44.667988,6,EPI_ISL_8678454,Omicron,BA.1.17.2,2022-01-03
-5.9830523,-44.52722,6,EPI_ISL_8132625,Omicron,BA.1.17,2021-12-17
-6.061349,-44.636925,6,EPI_ISL_8789476,Omicron,BA.1.17.2,2021-12-27
-5.9832907,-44.582085,6,EPI_ISL_11200594,Omicron,BA.1,2022-01-13
-6.0927258,-44.65235,6,EPI_ISL_8771295,Omicron,BA.1.17.2,2022-01-08
-6.077181,-44.668007,6,EPI_ISL_12104161,Omicron,BA.1,2022-03-24
-6.131543,-44.69916,6,EPI_ISL_8994011,Omicron,BA.1,2022-01-15
-6.1237926,-44.6836,6,EPI_ISL_8975274,Omicron,BA.1,2022-01-05
-6.084856,-44.722664,6,EPI_ISL_7354124,Omicron,BA.1.17.2,2021-12-01
-6.162662,-44.652428,6,EPI_ISL_10860972,Omicron,BA.1.15,2022-01-31
-6.131752,-44.51967,6,EPI_ISL_9250483,Omicron,BA.1,2022-01-20
-6.162796,-44.746105,6,EPI_ISL_9344659,Omicron,BA.1,2022-01-11
-6.0926237,-44.66799,6,EPI_ISL_8509604,Omicron,BA.1.15,2021-12-21
-5.9753685,-44.54331,6,EPI_ISL_10960156,Omicron,BA.1,2022-03-06
-6.006756,-44.542953,6,EPI_ISL_9249718,Omicron,BA.1.15.1,2022-01-18
-6.108018,-44.652363,6,EPI_ISL_8645996,Omicron,BA.1.17,2021-12-29
-6.0456343,-44.629032,6,EPI_ISL_9531621,Omicron,BA.1,2022-01-18
-6.1239176,-44.66813,6,EPI_ISL_8898822,Omicron,BA.1.17.2,2022-01-11
-6.123725,-44.691315,6,EPI_ISL_9184981,Omicron,BA.1.15.1,2022-01-06
-6.123781,-44.683548,6,EPI_ISL_9359130,Omicron,BA.1,2022-01-23
-6.1160603,-44.644585,6,EPI_ISL_9683680,Omicron,BA.1.17.2,2022-02-02
-5.983305,-44.558598,6,EPI_ISL_8945304,Omicron,BA.1,2022-01-11
-6.1549835,-44.75403,6,EPI_ISL_10539830,Omicron,BA.1.15.1,2022-02-18
-6.0926914,-44.660187,6,EPI_ISL_9280596,Omicron,BA.1.15.1,2022-01-21
-6.1080894,-44.67572,6,EPI_ISL_11596866,Omicron,BA.1.18,2022-02-21
-6.092719,-44.652557,6,EPI_ISL_9901017,Omicron,BA.1.18,2022-01-31
-6.1551504,-44.72282,6,EPI_ISL_9987618,Omicron,BA.1.20,2021-12-25
-6.006837,-44.56641,6,EPI_ISL_9895194,Omicron,BA.1,2022-02-07
-6.0769825,-44.644577,6,EPI_ISL_10418061,Omicron,BA.1.17.2,2022-02-19
-6.1472607,-44.714973,6,EPI_ISL_9475956,Omicron,BA.1,2022-01-17
-4.608041,-42.535126,6,EPI_ISL_12646361,Omicron,BA.1,2022-03-27
-6.1081333,-44.660328,6,EPI_ISL_10684161,Omicron,Unassigned,2022-02-25
-6.07691,-44.652397,6,EPI_ISL_8755060,Omicron,BA.1,2022-01-08
-6.1004105,-44.62136,6,EPI_ISL_10589567,Omicron,BA.1.17,2022-02-17
-4.678754,-42.70718,6,EPI_ISL_11897521,Omicron,BA.1,2022-03-01
-6.092518,-44.62094,6,EPI_ISL_9407780,Omicron,BA.1,2022-01-14
-6.131466,-44.699326,6,EPI_ISL_9386986,Omicron,BA.1,2022-01-24
-5.967572,-44.558514,6,EPI_ISL_9713509,Omicron,BA.1,2022-01-19
-6.115938,-44.660202,6,EPI_ISL_8307018,Omicron,BA.1.4,2021-12-20
-6.1160183,-44.683838,6,EPI_ISL_9422352,Omicron,Unassigned,2022-01-03
-4.5224094,-42.370842,6,EPI_ISL_9988128,Omicron,BA.1.15,2021-12-29
-6.1396046,-44.699062,6,EPI_ISL_9778077,Omicron,BD.1,2022-02-04
-6.092657,-44.550983,6,EPI_ISL_10496925,Omicron,BA.1.15,2022-01-18
-6.0690727,-44.652653,6,EPI_ISL_8962181,Omicron,BA.1.15.1,2022-01-14
-6.0536165,-44.675877,6,EPI_ISL_9581981,Omicron,BA.1.17.2,2022-01-28
-4.6707487,-42.988396,6,EPI_ISL_10844614,Omicron,BA.1,2022-01-20
-6.0221233,-44.628925,6,EPI_ISL_9840741,Omicron,BA.1.15,2022-02-04
-6.092554,-44.64477,6,EPI_ISL_9765833,Omicron,BA.1.3,2022-01-14
-6.053564,-44.59783,6,EPI_ISL_9310608,Omicron,BA.1,2022-01-04
-6.0459213,-44.613247,6,EPI_ISL_10318681,Omicron,BA.1.17,2022-01-30
-6.069148,-44.6524,6,EPI_ISL_9210248,Omicron,BA.1,2022-01-14
-6.108061,-44.683655,6,EPI_ISL_11548749,Omicron,BA.1.16,2022-01-18
-6.006462,-44.472713,6,EPI_ISL_9299501,Omicron,BA.1,2022-01-21
-6.0536623,-44.62882,6,EPI_ISL_10038401,Omicron,Unassigned,2021-12-26
-6.030366,-44.629112,6,EPI_ISL_11354344,Omicron,BA.1,2022-03-04
-6.045801,-44.61339,6,EPI_ISL_8438332,Omicron,BA.1,2021-12-24
-6.1318035,-44.70709,6,EPI_ISL_9187426,Omicron,BA.1.15,2022-01-10
-6.01458,-44.58985,6,EPI_ISL_8350025,Omicron,BA.1.15,2021-12-15
-6.100299,-44.660378,6,EPI_ISL_10831071,Omicron,BA.1.15,2022-02-05
-6.077015,-44.667908,6,EPI_ISL_9444428,Omicron,BA.1.17.2,2022-01-27
-6.076951,-44.636833,6,EPI_ISL_9646317,Omicron,BA.1,2022-01-31
-6.100277,-44.667984,6,EPI_ISL_8604651,Omicron,BA.1.15.1,2021-12-14
-6.22554,-44.78518,6,EPI_ISL_8970919,Omicron,BA.1.15.1,2022-01-15
-6.154852,-44.714832,6,EPI_ISL_8779736,Omicron,BA.1,2022-01-10
-6.0301104,-44.629196,6,EPI_ISL_10762489,Omicron,BA.1.17.2,2022-02-17
-6.1083984,-44.67588,6,EPI_ISL_9325974,Omicron,BA.1,2021-12-30
-4.647487,-42.824493,6,EPI_ISL_14858616,Omicron,BA.1,2022-02-07
-6.0457697,-44.62896,6,EPI_ISL_9501501,Omicron,BA.1.17.2,2022-01-17
-6.076974,-44.636948,6,EPI_ISL_8898981,Omicron,BA.1.15,2022-01-12
-6.1318417,-44.69938,6,EPI_ISL_8648463,Omicron,BA.1,2022-01-01
-6.0768433,-44.652252,6,EPI_ISL_8602742,Omicron,BA.1,2021-12-29
-4.6393976,-42.754005,6,EPI_ISL_10025626,Omicron,BA.1.15,2022-01-31
-5.9832325,-44.535137,6,EPI_ISL_10694907,Omicron,BA.1.18,2022-02-24
-6.10026,-44.676083,6,EPI_ISL_13190103,Omicron,BA.1,2022-02-28
-6.0848064,-44.644665,6,EPI_ISL_9535148,Omicron,BA.1.18,2021-12-30
-6.1863422,-44.74611,6,EPI_ISL_10559995,Omicron,BA.1.15,2022-02-13
-6.0225086,-44.589878,6,EPI_ISL_9686417,Omicron,BA.1,2022-02-02
-6.1395226,-44.714912,6,EPI_ISL_10697703,Omicron,BA.1.1,2022-01-21
-4.7954855,-43.17558,6,EPI_ISL_12146851,Omicron,BA.1.15,2022-02-25
-6.0769043,-44.68369,6,EPI_ISL_8815433,Omicron,BA.1.15,2021-12-29
-6.037979,-44.644566,6,EPI_ISL_10984337,Omicron,BA.1,2022-02-24
-6.1237907,-44.699226,6,EPI_ISL_10690177,Omicron,BA.1,2022-02-25
-6.11598,-44.675873,6,EPI_ISL_8996440,Omicron,BA.1,2022-01-14
-4.6239576,-42.441463,6,EPI_ISL_10874814,Omicron,BA.1,2021-12-29
-6.1005163,-44.66032,6,EPI_ISL_7916477,Omicron,BA.1,2021-12-05
-4.678358,-42.496174,6,EPI_ISL_10581733,Omicron,BA.1.14,2022-01-21
-6.0612726,-44.48068,6,EPI_ISL_8771538,Omicron,BA.1.17.2,2022-01-06
-6.123891,-44.699394,6,EPI_ISL_9564908,Omicron,BD.1,2022-01-29
-6.076973,-44.636707,6,EPI_ISL_9585874,Omicron,BA.1,2022-01-27
-6.209674,-44.777576,6,EPI_ISL_9171213,Omicron,BA.1.15.1,2022-01-18
-4.6474266,-42.910126,6,EPI_ISL_10834827,Omicron,BA.1,2022-01-17
-6.037936,-44.621174,6,EPI_ISL_8292241,Omicron,BA.1.15,2021-12-22
-6.1084137,-44.683765,6,EPI_ISL_8794574,Omicron,BA.1.15,2021-12-15
-5.865964,-44.41041,6,EPI_ISL_12838799,Omicron,BA.1.14.1,2022-03-15
-5.920644,-44.504017,6,EPI_ISL_10020533,Omicron,BA.1,2022-01-22
-5.8347607,-44.42581,6,EPI_ISL_8722484,Omicron,BA.1.17.2,2021-12-19
-5.889639,-44.464867,6,EPI_ISL_14629741,Omicron,BA.1.17.2,2022-03-10
-5.8661823,-44.43374,6,EPI_ISL_13997141,Omicron,BA.1.15,2022-02-01
-5.944092,-44.543015,6,EPI_ISL_11964646,Omicron,BA.1.17.2,2022-03-21
-5.8818207,-44.465107,6,EPI_ISL_10827218,Omicron,BA.1.15,2022-01-28
-5.865944,-44.44939,6,EPI_ISL_8858753,Omicron,BA.1.15.1,2022-01-12
-4.7018924,-42.16797,6,EPI_ISL_12656245,Omicron,BA.1,2022-04-21
-5.928498,-44.488403,6,EPI_ISL_10670148,Omicron,BA.1.12,2022-02-17
-5.733309,-44.441353,6,EPI_ISL_10110732,Omicron,BA.1.17.2,2022-02-11
-5.920698,-44.48842,6,EPI_ISL_11476408,Omicron,BA.1,2022-02-25
-5.9363403,-44.519455,6,EPI_ISL_10824421,Omicron,BA.1.15,2022-01-24
-5.905136,-44.49625,6,EPI_ISL_10837062,Omicron,BA.1.15,2021-12-30
-5.9050407,-44.496056,6,EPI_ISL_9044044,Omicron,BA.1.17.2,2022-01-08
-5.8818083,-44.519554,6,EPI_ISL_9889013,Omicron,BA.1,2022-02-08
-4.608032,-42.464714,6,EPI_ISL_12299400,Omicron,BA.1.15,2022-04-08
