t-SNE component 1,t-SNE component 2,Cluster,Seq ID,Variant,Pango lineage,Collection date
25.153456,-19.015703,8,EPI_ISL_16365327,Omicron,BQ.1,2022-12-18
25.153471,-19.015684,8,EPI_ISL_16848799,Omicron,BQ.1.31,2023-01-23
25.153503,-19.0157,8,EPI_ISL_15816271,Omicron,Unassigned,2022-11-07
25.057693,-19.071646,8,EPI_ISL_16019877,Omicron,BQ.1.13,2022-11-22
25.153517,-19.015678,8,EPI_ISL_15939673,Omicron,BQ.1.5,2022-11-17
25.479656,-18.672293,8,EPI_ISL_17024813,Omicron,BW.1.1,2023-01-24
25.153334,-19.015713,8,EPI_ISL_16103883,Omicron,BQ.1.11,2022-11-27
25.153362,-19.01592,8,EPI_ISL_17194670,Omicron,BQ.1,2022-12-02
25.153357,-19.015697,8,EPI_ISL_16296014,Omicron,BQ.1.12,2022-12-01
25.372269,-18.499172,8,EPI_ISL_16886345,Omicron,BQ.1,2023-01-09
24.54015,-19.276642,8,EPI_ISL_17552914,Omicron,BQ.1.23,2023-01-06
25.153442,-19.015707,8,EPI_ISL_16651638,Omicron,BQ.1,2022-12-28
25.153454,-19.015709,8,EPI_ISL_16804302,Omicron,Unassigned,2023-01-25
25.632086,-19.517601,8,EPI_ISL_15830364,Omicron,CT.1,2022-11-10
25.153416,-19.01571,8,EPI_ISL_16704153,Omicron,BQ.1.12,2022-12-28
25.153372,-19.015701,8,EPI_ISL_16524519,Omicron,BQ.1,2022-12-30
25.153385,-19.015707,8,EPI_ISL_15683286,Omicron,BQ.1.12,2022-10-24
25.15336,-19.015924,8,EPI_ISL_16329117,Omicron,BQ.1.12,2022-12-07
25.153477,-19.015682,8,EPI_ISL_15448095,Omicron,BQ.1,2022-10-06
25.153276,-19.01593,8,EPI_ISL_16569233,Omicron,BQ.1,2022-12-22
25.153479,-19.01569,8,EPI_ISL_15395752,Omicron,BQ.1,2022-10-02
25.153511,-19.01569,8,EPI_ISL_16005925,Omicron,BQ.1.3,2022-11-30
25.15347,-19.01571,8,EPI_ISL_16347268,Omicron,BQ.1.13,2022-12-15
25.15345,-19.015915,8,EPI_ISL_15901557,Omicron,BQ.1.26.2,2022-11-03
25.153494,-19.015707,8,EPI_ISL_16132941,Omicron,BQ.1.15,2022-11-26
25.155933,-19.014687,8,EPI_ISL_15232628,Omicron,BQ.1.15,2022-09-23
25.15342,-19.015717,8,EPI_ISL_16312863,Omicron,BQ.1.2,2022-12-02
25.153261,-19.015917,8,EPI_ISL_15372331,Omicron,Unassigned,2022-10-04
25.060772,-18.96107,8,EPI_ISL_16090031,Omicron,BQ.1.23,2022-11-29
25.710106,-17.721964,8,EPI_ISL_17495333,Omicron,BA.5.2.48,2023-03-19
25.717703,-19.43961,8,EPI_ISL_16169486,Omicron,BE.1.1.1,2022-12-07
25.711084,-19.41974,8,EPI_ISL_16095759,Omicron,BA.5.2.36,2022-12-05
25.153452,-19.015717,8,EPI_ISL_15915778,Omicron,Unassigned,2022-11-14
25.711073,-19.419695,8,EPI_ISL_15395342,Omicron,BE.1.1.1,2022-09-30
25.153502,-19.015684,8,EPI_ISL_16054797,Omicron,BQ.1,2022-11-14
24.540148,-19.276642,8,EPI_ISL_15789128,Omicron,BQ.1.16,2022-10-26
25.153553,-19.015686,8,EPI_ISL_16335218,Omicron,BQ.1,2022-12-13
25.153475,-19.01569,8,EPI_ISL_15905465,Omicron,BE.10,2022-11-11
25.163157,-19.01012,8,EPI_ISL_16136597,Omicron,BQ.1.2,2022-11-22
25.140287,-18.231684,8,EPI_ISL_16238096,Omicron,BN.1.3,2022-11-23
25.711086,-19.419744,8,EPI_ISL_14600294,Omicron,BA.5.6.2,2022-08-16
25.153536,-19.01568,8,EPI_ISL_15749993,Omicron,BQ.1.11,2022-11-03
25.153488,-19.015701,8,EPI_ISL_17022323,Omicron,BQ.1,2023-01-31
25.1534,-19.015902,8,EPI_ISL_15946808,Omicron,BQ.1,2022-11-14
25.735575,-19.442886,8,EPI_ISL_16385923,Omicron,BQ.2,2022-11-17
25.153429,-19.015697,8,EPI_ISL_16163361,Omicron,Unassigned,2022-11-22
25.153582,-19.015676,8,EPI_ISL_16307422,Omicron,BQ.1.2,2022-12-11
25.153513,-19.015684,8,EPI_ISL_15179287,Omicron,BQ.1.14,2022-09-18
25.153305,-19.015726,8,EPI_ISL_15541552,Omicron,BQ.1.5,2022-10-09
25.153452,-19.015709,8,EPI_ISL_16320175,Omicron,BQ.1,2022-12-10
25.15337,-19.015692,8,EPI_ISL_15682191,Omicron,BQ.1,2022-10-12
25.099552,-18.947676,8,EPI_ISL_16265838,Omicron,BQ.1,2022-12-02
25.153437,-19.015709,8,EPI_ISL_16386516,Omicron,BQ.1.23,2022-12-27
25.153378,-19.015924,8,EPI_ISL_16605271,Omicron,BQ.1,2023-01-09
25.153425,-19.015709,8,EPI_ISL_16173510,Omicron,BQ.1.3,2022-12-10
24.539701,-19.276552,8,EPI_ISL_16840762,Omicron,BQ.1.11,2023-01-13
25.15346,-19.01571,8,EPI_ISL_16676137,Omicron,BQ.1.14,2023-01-06
25.15339,-19.01571,8,EPI_ISL_16479979,Omicron,BQ.1.15,2022-12-05
25.153364,-19.015898,8,EPI_ISL_16296363,Omicron,BQ.1,2022-11-27
25.711082,-19.419743,8,EPI_ISL_15754417,Omicron,BA.5.2.36,2022-10-21
25.126993,-19.026024,8,EPI_ISL_15921725,Omicron,BQ.1.1.31,2022-11-14
24.870287,-18.692982,8,EPI_ISL_15942691,Omicron,BQ.1.1.11,2022-10-17
25.153404,-19.015692,8,EPI_ISL_16708287,Omicron,BQ.1.2,2023-01-01
25.492355,-18.864418,8,EPI_ISL_16453399,Omicron,BQ.1.14,2022-12-19
25.030096,-19.077312,8,EPI_ISL_16677097,Omicron,BQ.1.20,2023-01-09
25.38516,-19.356264,8,EPI_ISL_16729709,Omicron,BQ.1.10,2022-12-26
25.15336,-19.015713,8,EPI_ISL_16731988,Omicron,BQ.1.12,2023-01-07
25.153439,-19.015678,8,EPI_ISL_16264312,Omicron,BQ.1,2022-12-01
25.153418,-19.015903,8,EPI_ISL_16134505,Omicron,BQ.1.16,2022-12-07
25.15353,-19.015675,8,EPI_ISL_15324076,Omicron,BQ.1.2,2022-09-21
25.153446,-19.015709,8,EPI_ISL_16305675,Omicron,BQ.1,2022-12-13
25.15347,-19.01571,8,EPI_ISL_16570026,Omicron,BQ.1.2,2022-12-23
25.153425,-19.01571,8,EPI_ISL_15284179,Omicron,BQ.1,2022-10-01
25.153408,-19.015701,8,EPI_ISL_16122255,Omicron,BQ.1.13,2022-11-14
25.153389,-19.0159,8,EPI_ISL_17520621,Omicron,BQ.1,2023-01-16
25.153387,-19.015722,8,EPI_ISL_16743331,Omicron,BE.10,2022-12-19
25.711082,-19.419699,8,EPI_ISL_15641084,Omicron,BA.5.2.42,2022-10-20
25.153296,-19.015722,8,EPI_ISL_17039392,Omicron,BE.9,2022-11-05
25.160856,-19.005222,8,EPI_ISL_16131463,Omicron,BQ.1.2,2022-12-01
25.153477,-19.015718,8,EPI_ISL_17085857,Omicron,BQ.1.15,2023-02-20
25.15344,-19.015709,8,EPI_ISL_15619458,Omicron,BQ.1.23,2022-10-21
25.153511,-19.0157,8,EPI_ISL_16409162,Omicron,BQ.1.10,2022-12-25
25.15342,-19.015694,8,EPI_ISL_16278218,Omicron,BQ.1.8,2022-12-13
24.258314,-19.244715,8,EPI_ISL_16398337,Omicron,CH.1.1.2,2022-12-09
25.153357,-19.015932,8,EPI_ISL_16187004,Omicron,BQ.1.10.1,2022-12-09
25.095259,-18.989344,8,EPI_ISL_17349066,Omicron,BQ.1.16,2023-03-16
25.113451,-18.886696,8,EPI_ISL_17288589,Omicron,BQ.1.8,2023-02-14
25.153433,-19.015703,8,EPI_ISL_16340092,Omicron,BQ.1.12,2022-12-07
25.15347,-19.01571,8,EPI_ISL_17523399,Omicron,BQ.1.12,2023-03-21
25.153439,-19.015694,8,EPI_ISL_17485344,Omicron,BQ.1.23,2023-01-08
25.153477,-19.015717,8,EPI_ISL_17395064,Omicron,BQ.1.13.1,2023-02-01
25.153399,-19.015928,8,EPI_ISL_16989255,Omicron,BQ.1.23,2023-02-06
24.540142,-19.276642,8,EPI_ISL_16157653,Omicron,BQ.1.23,2022-11-10
25.005331,-18.976652,8,EPI_ISL_16075974,Omicron,BQ.1.10,2022-11-28
25.153374,-19.01593,8,EPI_ISL_16082707,Omicron,BQ.1,2022-11-28
25.153433,-19.015738,8,EPI_ISL_15540168,Omicron,BQ.1.8,2022-10-04
25.00637,-18.97811,8,EPI_ISL_16026533,Omicron,BE.9,2022-11-09
25.153389,-19.01571,8,EPI_ISL_16654252,Omicron,BQ.1.8,2023-01-13
25.711086,-19.41974,8,EPI_ISL_15768857,Omicron,BE.1.1.1,2022-11-06
25.15334,-19.015701,8,EPI_ISL_17660066,Omicron,BQ.1.12,2023-03-20
25.153341,-19.015724,8,EPI_ISL_17174686,Omicron,BQ.1,2023-02-23
25.153254,-19.015938,8,EPI_ISL_17213727,Omicron,BQ.1.11,2022-11-16
25.153412,-19.01571,8,EPI_ISL_17022825,Omicron,BQ.1,2023-01-25
25.153286,-19.015726,8,EPI_ISL_15960579,Omicron,BQ.1.8,2022-11-23
25.153296,-19.015907,8,EPI_ISL_16863616,Omicron,BQ.1.13,2023-01-15
25.153444,-19.015713,8,EPI_ISL_17579085,Omicron,BQ.1.2,2023-01-24
25.153421,-19.015707,8,EPI_ISL_15644105,Omicron,BQ.1.3,2022-10-17
25.153341,-19.015919,8,EPI_ISL_16260206,Omicron,BQ.1,2022-12-14
25.103796,-18.89911,8,EPI_ISL_17359256,Omicron,BQ.1.2,2023
25.15341,-19.015715,8,EPI_ISL_15984545,Omicron,BQ.1.23,2022-11-24
25.083902,-18.993732,8,EPI_ISL_16603321,Omicron,BQ.1.12,2022-12-19
25.711079,-19.419703,8,EPI_ISL_15469053,Omicron,BA.5.6.2,2022-10-05
25.153275,-19.015924,8,EPI_ISL_16612073,Omicron,BQ.1.10.1,2022-12-22
25.153456,-19.015705,8,EPI_ISL_16059926,Omicron,BQ.1,2022-11-22
25.153229,-19.015917,8,EPI_ISL_17101093,Omicron,BQ.1.12,2023-02-27
25.153406,-19.015696,8,EPI_ISL_15808919,Omicron,BA.5.3.1,2022-10-25
25.270773,-19.599743,8,EPI_ISL_16489519,Omicron,BQ.1.31,2023-01-01
24.795652,-19.19738,8,EPI_ISL_16484902,Omicron,BQ.1.8,2022-12-24
25.153454,-19.015703,8,EPI_ISL_16079332,Omicron,BQ.1.10,2022-12-01
25.153507,-19.0157,8,EPI_ISL_16012429,Omicron,BQ.1.23,2022-11-22
25.15328,-19.015896,8,EPI_ISL_16998178,Omicron,BQ.1.2,2023-01-29
25.132414,-19.014088,8,EPI_ISL_16424200,Omicron,BQ.1,2022-12-12
25.153494,-19.015697,8,EPI_ISL_16762953,Omicron,BQ.1.13,2023-01-18
25.153482,-19.015701,8,EPI_ISL_16020889,Omicron,BQ.1.1.29,2022-11-20
25.153425,-19.015924,8,EPI_ISL_15994541,Omicron,Unassigned,2022-11-23
25.153337,-19.01596,8,EPI_ISL_16424276,Omicron,BQ.1,2022-12-12
24.354717,-19.29121,8,EPI_ISL_16219350,Omicron,BQ.1.9,2022-12-05
25.005325,-18.976656,8,EPI_ISL_16862352,Omicron,BQ.1.28,2023-01-17
25.153442,-19.015688,8,EPI_ISL_16281297,Omicron,BQ.1.2,2022-12-10
25.153387,-19.015709,8,EPI_ISL_16270172,Omicron,BE.10,2022-11-17
25.153412,-19.015688,8,EPI_ISL_15973781,Omicron,BQ.1,2022-11-14
25.153164,-19.016119,8,EPI_ISL_16340558,Omicron,BQ.1.3,2022-12-13
25.153477,-19.01575,8,EPI_ISL_15914977,Omicron,Unassigned,2022-11-10
25.153435,-19.015705,8,EPI_ISL_16169799,Omicron,BQ.1.2,2022-12-10
25.1533,-19.015928,8,EPI_ISL_15283252,Omicron,BQ.1,2022-09-21
25.153286,-19.015915,8,EPI_ISL_16129165,Omicron,BQ.1.28,2022-11-23
25.052856,-18.892189,8,EPI_ISL_16317311,Omicron,BQ.1,2022-12-07
25.107029,-18.66399,8,EPI_ISL_16908375,Omicron,BW.1.1,2023-01-19
25.153355,-19.015713,8,EPI_ISL_16059420,Omicron,BQ.1.23,2022-11-29
25.1534,-19.015934,8,EPI_ISL_15371672,Omicron,Unassigned,2022-10-03
25.153399,-19.015707,8,EPI_ISL_16887876,Omicron,BQ.1.23,2023-01-23
25.106897,-18.664103,8,EPI_ISL_16451495,Omicron,BW.1.1,2022-12-23
25.750267,-19.475027,8,EPI_ISL_16166690,Omicron,DB.2,2022-12-13
25.106895,-18.664104,8,EPI_ISL_16696029,Omicron,BW.1.1.1,2023-01-10
25.711086,-19.41975,8,EPI_ISL_16058410,Omicron,BE.1.1.1,2022-11-19
25.383917,-19.465597,8,EPI_ISL_16433336,Omicron,BQ.1.12,2022-12-09
25.153452,-19.015718,8,EPI_ISL_16271562,Omicron,BQ.1,2022-12-14
25.15349,-19.015696,8,EPI_ISL_16089977,Omicron,BQ.1.13,2022-11-28
25.175802,-19.013233,8,EPI_ISL_16263323,Omicron,Unassigned,2022-12-05
25.631983,-19.517624,8,EPI_ISL_15016077,Omicron,CT.1,2022-09-09
25.101522,-18.577377,8,EPI_ISL_17181050,Omicron,BA.5,2023-03-02
25.15339,-19.015703,8,EPI_ISL_16938154,Omicron,BQ.1.2,2023-01-12
25.153349,-19.01572,8,EPI_ISL_15586358,Omicron,BQ.1.3,2022-10-17
25.153465,-19.015715,8,EPI_ISL_15987575,Omicron,BQ.1.2,2022-11-21
25.711073,-19.419697,8,EPI_ISL_15797796,Omicron,BA.5.2.42,2022-11-01
25.711079,-19.41974,8,EPI_ISL_15431610,Omicron,BA.5.2.36,2022-10-15
25.153269,-19.015747,8,EPI_ISL_15765766,Omicron,BQ.1.2,2022-10-27
24.277683,-19.23571,8,EPI_ISL_16008179,Omicron,BQ.1.31,2022-11-16
25.153378,-19.015713,8,EPI_ISL_16650707,Omicron,BQ.1.2,2022-12-26
25.711082,-19.419699,8,EPI_ISL_14897126,Omicron,BE.1.1.1,2022-08-25
25.153408,-19.015726,8,EPI_ISL_16205852,Omicron,BQ.1.2,2022-12-04
25.153414,-19.015705,8,EPI_ISL_16708021,Omicron,BQ.1.2,2023-01-01
25.711079,-19.419703,8,EPI_ISL_16121113,Omicron,BA.5.2.36,2022-11-09
25.711079,-19.419706,8,EPI_ISL_15989182,Omicron,BA.5.1,2022-11-21
25.486063,-18.897364,8,EPI_ISL_17182473,Omicron,BQ.1.10,2023-02-28
25.030224,-19.081984,8,EPI_ISL_16581895,Omicron,Unassigned,2023-01-07
25.153427,-19.015724,8,EPI_ISL_16513122,Omicron,BQ.1,2022-12-12
25.153385,-19.015694,8,EPI_ISL_16213322,Omicron,BQ.1,2022-12-06
25.153353,-19.015923,8,EPI_ISL_16305766,Omicron,BQ.1,2022-12-12
25.153456,-19.015697,8,EPI_ISL_16588099,Omicron,BQ.1.12,2022-12-22
25.153362,-19.01571,8,EPI_ISL_16550457,Omicron,BQ.1.12,2022-12-29
25.153492,-19.015696,8,EPI_ISL_16072084,Omicron,BQ.1.8,2022-11-30
25.153454,-19.015701,8,EPI_ISL_16250747,Omicron,BQ.1.28,2022-12-11
25.15336,-19.015713,8,EPI_ISL_16441049,Omicron,BQ.1.11,2022-12-23
25.153473,-19.0157,8,EPI_ISL_16302661,Omicron,BQ.1.10,2022-12-15
25.153446,-19.015701,8,EPI_ISL_15909469,Omicron,BQ.1.2,2022-11-17
25.030216,-19.081985,8,EPI_ISL_16295872,Omicron,BQ.1.8,2022-12-05
24.54015,-19.276646,8,EPI_ISL_16735805,Omicron,BQ.1.12,2023-01-04
25.153215,-19.015926,8,EPI_ISL_17675800,Omicron,BQ.1.10,2023-01-05
24.539745,-19.276575,8,EPI_ISL_17215028,Omicron,BQ.1.13.1,2023-01-10
25.15334,-19.015724,8,EPI_ISL_15653223,Omicron,BQ.1.12,2022-10-25
25.153482,-19.015705,8,EPI_ISL_15479894,Omicron,BQ.1.14,2022-10-11
25.153374,-19.015911,8,EPI_ISL_15739860,Omicron,BQ.1,2022-10-19
24.522184,-19.26369,8,EPI_ISL_15626886,Omicron,BQ.1.3,2022-09-30
25.163153,-19.011055,8,EPI_ISL_16322568,Omicron,BQ.1.28,2022-12-14
25.64373,-17.831997,8,EPI_ISL_16526187,Omicron,BQ.1,2022-12-19
25.153364,-19.015707,8,EPI_ISL_15848751,Omicron,BQ.1.1.11,2022-10-19
25.153378,-19.015894,8,EPI_ISL_15994761,Omicron,Unassigned,2022-11-23
25.153322,-19.015917,8,EPI_ISL_16494031,Omicron,BQ.1.23,2022-12-16
25.209494,-19.036547,8,EPI_ISL_16179524,Omicron,BQ.1.2,2022-12-04
24.518373,-19.281221,8,EPI_ISL_16735504,Omicron,BQ.1.16,2022-12-05
25.15339,-19.0157,8,EPI_ISL_16568610,Omicron,BQ.1.12,2023-01-01
24.539701,-19.276554,8,EPI_ISL_16396167,Omicron,BQ.1.31,2022-12-23
25.107044,-18.663992,8,EPI_ISL_16876929,Omicron,BW.1.1,2023-01-06
25.153284,-19.015919,8,EPI_ISL_15399953,Omicron,BQ.1.11,2022-09-24
25.153309,-19.015707,8,EPI_ISL_17067979,Omicron,BQ.1.28,2023-02-03
25.15332,-19.015701,8,EPI_ISL_16892256,Omicron,BQ.1.2,2023-01-23
25.153244,-19.015932,8,EPI_ISL_15948577,Omicron,BQ.1.5,2022-11-19
24.50591,-19.2662,8,EPI_ISL_17683785,Omicron,BQ.1.1,2023-02-01
25.153393,-19.015715,8,EPI_ISL_16056480,Omicron,BQ.1,2022-11-21
25.15331,-19.015728,8,EPI_ISL_16726426,Omicron,BQ.1.12,2022-12-27
24.539701,-19.276554,8,EPI_ISL_16735528,Omicron,BW.1,2022-12-12
25.15334,-19.0159,8,EPI_ISL_16133576,Omicron,BQ.1.3,2022-11-27
25.153372,-19.015713,8,EPI_ISL_16428279,Omicron,DE.2,2022-12-25
25.68765,-17.791878,8,EPI_ISL_15842599,Omicron,BF.7.22,2022-10-30
25.153358,-19.015715,8,EPI_ISL_16469210,Omicron,BQ.1.3,2022-12-08
25.490877,-18.86978,8,EPI_ISL_15804816,Omicron,BQ.1.14,2022-11-02
25.153435,-19.01572,8,EPI_ISL_15827496,Omicron,BQ.1.1.31,2022-11-09
25.153208,-19.01593,8,EPI_ISL_16258177,Omicron,BQ.1.2,2022-12-10
25.153124,-19.016117,8,EPI_ISL_15646861,Omicron,BQ.1.10,2022-10-21
25.711065,-19.4197,8,EPI_ISL_14140922,Omicron,BE.1,2022-07-07
25.15321,-19.01594,8,EPI_ISL_16026964,Omicron,BQ.1.5,2022-11-28
25.153141,-19.015932,8,EPI_ISL_16596363,Omicron,BQ.1.13.1,2023-01-09
25.024797,-18.94574,8,EPI_ISL_16332969,Omicron,BQ.1.5,2022-12-05
25.153328,-19.01573,8,EPI_ISL_16994158,Omicron,BQ.1.3,2023-01-02
25.67669,-19.439138,8,EPI_ISL_16297895,Omicron,BE.10,2022-11-10
25.153366,-19.01573,8,EPI_ISL_15461223,Omicron,Unassigned,2022-10-10
25.223345,-19.077955,8,EPI_ISL_16186613,Omicron,BQ.1.5,2022-12-13
25.15326,-19.015923,8,EPI_ISL_15645647,Omicron,BQ.1.2,2022-10-24
25.153202,-19.01611,8,EPI_ISL_15977975,Omicron,BQ.1,2022-11-08
25.153404,-19.01571,8,EPI_ISL_16710919,Omicron,BQ.1.23,2023-01-18
24.393505,-19.21448,8,EPI_ISL_16414474,Omicron,BE.1.1.1,2022-12-19
25.153454,-19.015705,8,EPI_ISL_16454485,Omicron,BQ.1.28,2022-12-08
25.153294,-19.01571,8,EPI_ISL_17686073,Omicron,BA.2,2023-04-24
25.031738,-18.670338,8,EPI_ISL_16319687,Omicron,BQ.1.28,2022-12-10
24.49577,-19.289474,8,EPI_ISL_17251815,Omicron,BQ.1,2022-12-15
25.153316,-19.015718,8,EPI_ISL_17024151,Omicron,BQ.1.23,2023-02-19
25.153173,-19.015894,8,EPI_ISL_16863922,Omicron,BQ.1.12,2023-01-18
25.153418,-19.015718,8,EPI_ISL_16673415,Omicron,BQ.1.13.1,2023-01-10
25.005323,-18.976656,8,EPI_ISL_16348786,Omicron,BQ.1.2,2022-12-15
25.153275,-19.015718,8,EPI_ISL_16645822,Omicron,BQ.1.10.1,2023-01-05
25.030098,-19.077316,8,EPI_ISL_16859681,Omicron,BQ.1.20,2023-01-22
25.15319,-19.01592,8,EPI_ISL_16073861,Omicron,BQ.1.23,2022-11-28
25.153309,-19.015924,8,EPI_ISL_16193676,Omicron,BQ.1.16,2022-12-06
25.153122,-19.016111,8,EPI_ISL_17022826,Omicron,BW.1,2023-01-24
24.540144,-19.276642,8,EPI_ISL_16571596,Omicron,BA.5.3.1,2022-12-08
25.15326,-19.015945,8,EPI_ISL_15829721,Omicron,BQ.1,2022-11-05
25.153362,-19.015726,8,EPI_ISL_16095237,Omicron,BQ.1.10,2022-12-03
25.153286,-19.015726,8,EPI_ISL_17096386,Omicron,BQ.1,2023-02-05
24.199701,-19.23847,8,EPI_ISL_17127510,Omicron,BA.5.2.1,2023-02-09
25.08081,-18.195848,8,EPI_ISL_16912317,Omicron,BQ.1.10,2023-01-17
25.153383,-19.015705,8,EPI_ISL_17022495,Omicron,BQ.1.1.31,2023-02-03
25.153399,-19.015717,8,EPI_ISL_16654811,Omicron,BQ.1.6,2022-12-31
25.128141,-18.998432,8,EPI_ISL_15465625,Omicron,BQ.1,2022-10-13
24.539701,-19.276554,8,EPI_ISL_16597919,Omicron,BQ.1.5,2023-01-13
25.153313,-19.015932,8,EPI_ISL_16556709,Omicron,BQ.1.12,2022-12-12
25.153286,-19.015717,8,EPI_ISL_16831528,Omicron,BQ.1,2023-01-23
25.789835,-19.50517,8,EPI_ISL_15797045,Omicron,BE.1.1.1,2022-10-24
25.153269,-19.015934,8,EPI_ISL_16517584,Omicron,BQ.1,2022-12-01
25.153221,-19.016094,8,EPI_ISL_16810666,Omicron,BQ.1.4,2023-01-17
25.153357,-19.015722,8,EPI_ISL_16185677,Omicron,BQ.1.13.1,2022-11-21
25.153294,-19.01571,8,EPI_ISL_15927995,Omicron,BQ.1.3,2022-11-14
25.383924,-19.46562,8,EPI_ISL_16249305,Omicron,BE.9,2022-11-17
25.153236,-19.015928,8,EPI_ISL_16183482,Omicron,BQ.1.10,2022-12-02
25.153275,-19.015724,8,EPI_ISL_16111901,Omicron,BQ.1.16,2022-11-23
25.153334,-19.015697,8,EPI_ISL_16629561,Omicron,BQ.1,2023-01-11
25.15326,-19.015724,8,EPI_ISL_16864096,Omicron,BQ.1.2,2023-01-24
25.1533,-19.015938,8,EPI_ISL_16258223,Omicron,BQ.1.12,2022-12-12
25.153276,-19.015926,8,EPI_ISL_15954964,Omicron,BQ.1.14,2022-11-17
25.153223,-19.015932,8,EPI_ISL_16266412,Omicron,BQ.1.10,2022-12-05
24.967934,-19.088242,8,EPI_ISL_16940316,Omicron,BQ.1.11,2023-02-03
25.717712,-19.439623,8,EPI_ISL_15398278,Omicron,BQ.2,2022-09-18
25.483002,-18.908653,8,EPI_ISL_15740939,Omicron,BQ.1.2,2022-10-30
25.211237,-18.964891,8,EPI_ISL_16370197,Omicron,BQ.1.13,2022-12-20
25.16347,-19.010939,8,EPI_ISL_16520995,Omicron,BQ.1.2,2022-11-05
25.153397,-19.015705,8,EPI_ISL_15938886,Omicron,BQ.1.3,2022-11-11
25.153248,-19.015902,8,EPI_ISL_16593837,Omicron,BQ.1.10.1,2023-01-08
25.153355,-19.01572,8,EPI_ISL_15814549,Omicron,BQ.1.10,2022-10-31
24.539743,-19.276571,8,EPI_ISL_16217696,Omicron,BQ.1.23,2022-12-08
25.153257,-19.015896,8,EPI_ISL_16664675,Omicron,BQ.1.23,2023-01-12
25.153463,-19.015713,8,EPI_ISL_15840473,Omicron,BQ.1,2022-11-02
25.15325,-19.015919,8,EPI_ISL_16443921,Omicron,BQ.1.10,2022-12-22
25.153383,-19.015724,8,EPI_ISL_15914076,Omicron,BQ.1,2022-11-08
24.514719,-19.240509,8,EPI_ISL_15613773,Omicron,BQ.1.19,2022-10-14
25.153442,-19.015705,8,EPI_ISL_15744340,Omicron,BQ.1,2022-10-27
25.153471,-19.01569,8,EPI_ISL_15607928,Omicron,BQ.1.2.1,2022-09-26
25.15339,-19.01571,8,EPI_ISL_17359073,Omicron,BQ.1.12,2023-03-22
25.153357,-19.015713,8,EPI_ISL_16320328,Omicron,BQ.1.11,2022-12-11
25.153425,-19.01571,8,EPI_ISL_16570777,Omicron,BQ.1.3,2022-12-18
25.711079,-19.4197,8,EPI_ISL_13977018,Omicron,BE.1.1.1,2022-07-09
24.540102,-19.276627,8,EPI_ISL_17320811,Omicron,BE.9,2022-11-10
25.153473,-19.015705,8,EPI_ISL_16712384,Omicron,BQ.1.10,2022-12-13
25.000475,-18.627375,8,EPI_ISL_16286936,Omicron,BQ.1.1.28,2022-12-06
25.147783,-18.804085,8,EPI_ISL_16027326,Omicron,BQ.1.2,2022-11-10
25.153343,-19.015713,8,EPI_ISL_16568658,Omicron,BQ.1.29,2023-01-01
25.211115,-19.064114,8,EPI_ISL_16690177,Omicron,BQ.1.10.1,2023-01-16
25.209496,-19.036547,8,EPI_ISL_16407562,Omicron,BQ.1.12,2022-12-20
25.005331,-18.976658,8,EPI_ISL_16428875,Omicron,BQ.1.23,2022-11-14
25.153353,-19.015715,8,EPI_ISL_16706756,Omicron,BQ.1.7,2023-01-06
24.996204,-19.076256,8,EPI_ISL_15853929,Omicron,BQ.1,2022-10-03
25.153229,-19.015926,8,EPI_ISL_16435077,Omicron,BQ.1.3,2022-12-14
25.565754,-19.556465,8,EPI_ISL_14554879,Omicron,BA.5.2.1,2022-07-22
25.153414,-19.015705,8,EPI_ISL_16068272,Omicron,BQ.1.14,2022-11-18
25.15328,-19.015942,8,EPI_ISL_15694010,Omicron,BQ.1.14,2022-10-27
25.030224,-19.081982,8,EPI_ISL_16850256,Omicron,BQ.1.13,2023-01-20
25.153286,-19.015726,8,EPI_ISL_15877680,Omicron,BQ.1.3,2022-11-03
25.153284,-19.015694,8,EPI_ISL_16364387,Omicron,BQ.1.3,2022-12-20
25.711082,-19.4197,8,EPI_ISL_15770595,Omicron,BA.5.2.25,2022-10-27
25.010235,-18.968817,8,EPI_ISL_15582057,Omicron,BQ.1.16,2022-10-21
25.153294,-19.015728,8,EPI_ISL_15271534,Omicron,BQ.1,2022-09-17
25.153173,-19.015924,8,EPI_ISL_16244791,Omicron,BQ.1.13.1,2022-12-06
25.383926,-19.465614,8,EPI_ISL_16295620,Omicron,DE.2,2022-12-12
25.153326,-19.015709,8,EPI_ISL_17636993,Omicron,BQ.1,2022-12-13
25.153164,-19.016102,8,EPI_ISL_15724687,Omicron,BQ.1,2022-11-01
24.540104,-19.276623,8,EPI_ISL_16294930,Omicron,BQ.1.7,2022
24.5401,-19.276627,8,EPI_ISL_17675146,Omicron,BE.9,2023-01-17
25.153288,-19.015892,8,EPI_ISL_16025226,Omicron,BQ.1,2022-11-21
25.711075,-19.419704,8,EPI_ISL_15530198,Omicron,BA.5.2.25,2022-10-02
25.15326,-19.015923,8,EPI_ISL_16257873,Omicron,BQ.1.2,2022-12-02
25.687624,-17.791866,8,EPI_ISL_13750165,Omicron,BA.5,2022-06-29
25.168528,-19.044493,8,EPI_ISL_17071886,Omicron,BQ.1,2023-02-16
24.19612,-19.249369,8,EPI_ISL_16010928,Omicron,BE.1.1.1,2022-11-15
25.750248,-19.474987,8,EPI_ISL_15661821,Omicron,BA.5.2.25,2022-10-31
25.153273,-19.015924,8,EPI_ISL_16925491,Omicron,BQ.1.3,2022-11-28
25.483006,-18.908676,8,EPI_ISL_15847297,Omicron,BQ.1,2022-11-07
25.153328,-19.015726,8,EPI_ISL_15105348,Omicron,BQ.1.2.1,2022-09-15
25.153303,-19.01591,8,EPI_ISL_17069231,Omicron,BQ.1.10,2023-02-16
25.153395,-19.015718,8,EPI_ISL_16819684,Omicron,BQ.1.23,2022-12-15
25.080809,-18.195845,8,EPI_ISL_16807063,Omicron,BE.9,2023-01-04
25.153389,-19.015715,8,EPI_ISL_16186291,Omicron,BQ.1,2022-12-02
25.153427,-19.015703,8,EPI_ISL_16564238,Omicron,BQ.1.2,2022-10-10
25.153337,-19.015902,8,EPI_ISL_15976797,Omicron,BQ.1.3,2022-11-22
25.15329,-19.015717,8,EPI_ISL_15465379,Omicron,BQ.1.2,2022-10-02
25.153133,-19.015928,8,EPI_ISL_16743521,Omicron,BE.9,2022-12-22
25.153255,-19.01593,8,EPI_ISL_16205773,Omicron,BQ.1.5,2022-12-03
25.153252,-19.015932,8,EPI_ISL_15854250,Omicron,BQ.1,2022-11-11
25.153036,-19.01611,8,EPI_ISL_16867621,Omicron,BQ.1.10,2022-12-26
25.643726,-17.831993,8,EPI_ISL_16571132,Omicron,BQ.1.3,2022-12-19
25.118822,-18.99501,8,EPI_ISL_15667219,Omicron,BQ.1.14,2022-10-20
25.153254,-19.015932,8,EPI_ISL_15468073,Omicron,BQ.1.8,2022-10-11
25.060772,-18.96107,8,EPI_ISL_15545917,Omicron,BQ.1.14,2022-10-15
25.153372,-19.015726,8,EPI_ISL_14778228,Omicron,BQ.1.7,2022-08-21
25.153397,-19.015709,8,EPI_ISL_16663735,Omicron,BQ.1.2,2023-01-09
25.153208,-19.01593,8,EPI_ISL_17197227,Omicron,BQ.1.28,2023-02-23
25.153395,-19.015697,8,EPI_ISL_15898873,Omicron,BQ.1.10,2022-10-10
24.710962,-19.074093,8,EPI_ISL_16491338,Omicron,BQ.1.8,2022-11-30
25.153364,-19.01571,8,EPI_ISL_16658460,Omicron,BQ.1.2,2023-01-02
25.153187,-19.015907,8,EPI_ISL_16111214,Omicron,BE.10,2022-12-08
24.888727,-18.745415,8,EPI_ISL_17003223,Omicron,BQ.1,2023-02-05
25.15336,-19.015728,8,EPI_ISL_15741271,Omicron,BQ.1,2022-10-29
25.126724,-18.482496,8,EPI_ISL_16700198,Omicron,BQ.1,2022-12-03
25.461966,-18.79587,8,EPI_ISL_16582416,Omicron,Unassigned,2023-01-09
25.22702,-18.971684,8,EPI_ISL_15811990,Omicron,BQ.1,2022-11-10
25.153364,-19.015722,8,EPI_ISL_16908272,Omicron,BQ.1.2,2023-01-16
25.005331,-18.976658,8,EPI_ISL_16493555,Omicron,BQ.1,2022-12-06
25.153366,-19.015896,8,EPI_ISL_16052593,Omicron,BQ.1,2022-11-30
25.153341,-19.015905,8,EPI_ISL_16695519,Omicron,BQ.1.14,2023-01-06
25.153152,-19.016117,8,EPI_ISL_16101202,Omicron,BQ.1.2,2022-11-27
25.153337,-19.01592,8,EPI_ISL_16134186,Omicron,BQ.1.13,2022-11-28
25.153313,-19.015928,8,EPI_ISL_16089165,Omicron,BQ.1.2,2022-11-27
25.15329,-19.015718,8,EPI_ISL_16204713,Omicron,BW.1,2022-11-16
24.494278,-19.274014,8,EPI_ISL_16574373,Omicron,BQ.1.8,2022-11-28
25.153286,-19.015913,8,EPI_ISL_16962212,Omicron,BQ.1.13,2023-02-01
25.711086,-19.419739,8,EPI_ISL_14933807,Omicron,BE.1.1,2022-08-29
25.153273,-19.015919,8,EPI_ISL_16757201,Omicron,BQ.1.23,2022-12-28
25.153305,-19.015703,8,EPI_ISL_16599819,Omicron,BQ.1.11,2023-01-10
24.54003,-19.277044,8,EPI_ISL_17263429,Omicron,BQ.1.23,2023-02-28
25.15331,-19.01593,8,EPI_ISL_15689943,Omicron,BQ.1.3,2022-10-24
25.819832,-19.329311,8,EPI_ISL_15938038,Omicron,BQ.1,2022-11-16
25.15328,-19.01573,8,EPI_ISL_16063894,Omicron,BQ.1,2022-11-22
25.153334,-19.01572,8,EPI_ISL_16313833,Omicron,BQ.1.3,2022-11-29
25.153368,-19.015722,8,EPI_ISL_17069563,Omicron,BQ.1.11,2023-02-17
25.153328,-19.01591,8,EPI_ISL_17253790,Omicron,BQ.1.10,2023-03-01
25.15328,-19.015936,8,EPI_ISL_16703023,Omicron,BQ.1.5,2023-01-16
25.062674,-18.62768,8,EPI_ISL_16134628,Omicron,BW.1.1,2022-11-29
25.15334,-19.015724,8,EPI_ISL_16262875,Omicron,Unassigned,2022-12-12
25.15343,-19.015722,8,EPI_ISL_17016256,Omicron,BQ.1,2023-02-13
25.153204,-19.015892,8,EPI_ISL_16047720,Omicron,BQ.1.3,2022-11-22
25.153255,-19.01595,8,EPI_ISL_16532200,Omicron,BQ.1.13.1,2022-12-26
25.153208,-19.015907,8,EPI_ISL_16425337,Omicron,BQ.1.2,2022-12-12
25.15335,-19.015722,8,EPI_ISL_16250445,Omicron,BQ.1.28,2022-12-10
25.153202,-19.015934,8,EPI_ISL_15804012,Omicron,BQ.1.10.1,2022-11-06
25.153315,-19.015717,8,EPI_ISL_16382505,Omicron,BQ.1,2022-12-21
25.135162,-19.020151,8,EPI_ISL_16731154,Omicron,BQ.1.15.1,2023-01-18
25.15317,-19.015932,8,EPI_ISL_17020511,Omicron,BQ.1.2,2023-01-16
25.005333,-18.97666,8,EPI_ISL_15837829,Omicron,BQ.1,2022-11-10
25.17621,-19.025415,8,EPI_ISL_15860339,Omicron,BQ.1.6,2022-11-09
25.153282,-19.015896,8,EPI_ISL_16089879,Omicron,BQ.1,2022-11-28
25.153267,-19.015911,8,EPI_ISL_16825117,Omicron,BQ.1.23,2023-01-11
25.016787,-19.08474,8,EPI_ISL_16084403,Omicron,BQ.1.20,2022-11-25
25.565746,-19.556469,8,EPI_ISL_16738329,Omicron,BA.5.2.25,2022-12-04
25.153097,-19.016329,8,EPI_ISL_16679979,Omicron,BQ.1.3,2023-01-08
25.131863,-18.969126,8,EPI_ISL_17288785,Omicron,BQ.1.10,2023-02-19
25.153309,-19.015734,8,EPI_ISL_15828250,Omicron,BQ.1.10,2022-11-10
24.539627,-19.27698,8,EPI_ISL_16997995,Omicron,BQ.1,2023-02-01
25.478996,-18.78351,8,EPI_ISL_17322112,Omicron,BQ.1.25,2023-03-01
25.15322,-19.015741,8,EPI_ISL_16395369,Omicron,BQ.1,2022-12-19
25.153322,-19.015734,8,EPI_ISL_16113623,Omicron,BQ.1,2022-11-29
24.53958,-19.276957,8,EPI_ISL_16068365,Omicron,BQ.1.23,2022-11-28
25.153297,-19.015738,8,EPI_ISL_15913949,Omicron,BQ.1,2022-11-08
25.006145,-18.84557,8,EPI_ISL_16652950,Omicron,BQ.1.10,2022-12-21
25.137514,-17.937958,8,EPI_ISL_15610762,Omicron,BQ.1.5,2022-10-22
25.153294,-19.01573,8,EPI_ISL_15959536,Omicron,BQ.1,2022-11-23
25.153309,-19.015766,8,EPI_ISL_17422500,Omicron,BQ.1.10,2023-01-06
25.153173,-19.015955,8,EPI_ISL_16583089,Omicron,Unassigned,2023-01-10
25.153387,-19.015703,8,EPI_ISL_16312020,Omicron,BQ.1.5,2022-12-12
25.153183,-19.015936,8,EPI_ISL_16529571,Omicron,BQ.1.10,2023-01-02
25.711075,-19.419697,8,EPI_ISL_15984472,Omicron,BE.1.1.1,2022-08-17
25.120071,-19.071157,8,EPI_ISL_16704382,Omicron,BQ.1.13,2022-12-18
25.153156,-19.01611,8,EPI_ISL_16841674,Omicron,BQ.1.10,2022-11-30
25.153315,-19.015724,8,EPI_ISL_16397111,Omicron,BQ.1,2022-12-10
24.53998,-19.277025,8,EPI_ISL_17365714,Omicron,BQ.1.23,2023-01
25.153154,-19.016123,8,EPI_ISL_16455561,Omicron,BQ.1,2022-12-26
25.631996,-19.517708,8,EPI_ISL_16133160,Omicron,CT.1,2022-11-27
24.539986,-19.277029,8,EPI_ISL_16813162,Omicron,BQ.1.12,2023-01-20
25.153122,-19.01614,8,EPI_ISL_16164430,Omicron,Unassigned,2022-12-07
24.539988,-19.277027,8,EPI_ISL_16539536,Omicron,BQ.1,2022-12-18
25.687614,-17.791868,8,EPI_ISL_14558533,Omicron,BA.5,2022-08-03
25.499273,-18.927681,8,EPI_ISL_16599600,Omicron,BQ.1.31,2023-01-09
25.15327,-19.015736,8,EPI_ISL_16729136,Omicron,BQ.1.14,2023-01-10
25.153328,-19.01572,8,EPI_ISL_17018136,Omicron,BQ.1.10.1,2023-02-14
25.153124,-19.016146,8,EPI_ISL_16603400,Omicron,BQ.1.13.1,2022-12-08
25.153238,-19.015938,8,EPI_ISL_17274127,Omicron,BA.5.2.46,2022-12-03
25.153122,-19.015923,8,EPI_ISL_16111855,Omicron,BE.1.1,2022-11-02
25.15332,-19.015717,8,EPI_ISL_15984469,Omicron,BQ.1,2022-08-22
25.492361,-18.864418,8,EPI_ISL_17193813,Omicron,BQ.1.5,2023-03-01
25.106916,-18.664108,8,EPI_ISL_16236773,Omicron,BQ.1,2022-12-09
24.54007,-19.277063,8,EPI_ISL_16448847,Omicron,BQ.1,2022
25.153252,-19.015938,8,EPI_ISL_16308284,Omicron,BQ.1.28,2022-12-15
25.153267,-19.015741,8,EPI_ISL_16570674,Omicron,BQ.1,2022-12-18
25.153246,-19.015945,8,EPI_ISL_16243700,Omicron,BQ.1.6,2022-12-05
25.153189,-19.015953,8,EPI_ISL_16601928,Omicron,BQ.1,2022-12-19
24.540028,-19.277048,8,EPI_ISL_16735825,Omicron,BQ.1.11,2023-01-05
25.153269,-19.01572,8,EPI_ISL_17013635,Omicron,BE.9,2023-01-29
24.271315,-19.236834,8,EPI_ISL_16696389,Omicron,BQ.1.14,2023-01-16
24.540113,-18.204897,8,EPI_ISL_16145061,Omicron,DL.1,2022-11
25.153273,-19.015741,8,EPI_ISL_16316193,Omicron,BQ.1.10,2022-12-26
25.711086,-19.419739,8,EPI_ISL_15266920,Omicron,BA.5.2.1,2022-09-21
25.153297,-19.015743,8,EPI_ISL_16667418,Omicron,BQ.1.3,2023-01-03
25.153324,-19.01574,8,EPI_ISL_17127702,Omicron,BQ.1,2023-02-09
24.525154,-19.231827,8,EPI_ISL_17226339,Omicron,BW.1.1,2023-01-30
25.620562,-17.887817,8,EPI_ISL_16975412,Omicron,CK.2.1,2023-02-10
25.153095,-19.01613,8,EPI_ISL_15486432,Omicron,BQ.1.5,2022-10-18
25.052446,-18.890818,8,EPI_ISL_16975056,Omicron,BQ.1.13.1,2023-01-29
25.490877,-18.869781,8,EPI_ISL_16879559,Omicron,BQ.1.10,2023-01-29
25.51026,-18.912748,8,EPI_ISL_15844067,Omicron,BQ.1.12,2022-10-30
25.153395,-19.015709,8,EPI_ISL_15861171,Omicron,BQ.1.6,2022-11-12
25.15321,-19.015736,8,EPI_ISL_17280697,Omicron,BQ.1.3,2023-03-16
25.166882,-19.027296,8,EPI_ISL_16265267,Omicron,BQ.1.3,2022-12-04
25.169607,-19.0258,8,EPI_ISL_16096145,Omicron,BQ.1.14,2022-11-27
25.15309,-19.016134,8,EPI_ISL_16976902,Omicron,BQ.1.2,2023-02-13
25.153284,-19.015724,8,EPI_ISL_15921894,Omicron,BQ.1.1.31,2022-11-07
25.153402,-19.015724,8,EPI_ISL_16129235,Omicron,BQ.1.10.1,2022-12-01
25.153294,-19.015726,8,EPI_ISL_16264035,Omicron,BQ.1.23,2022-12-16
25.153343,-19.015936,8,EPI_ISL_16298135,Omicron,BE.10,2022-11-09
25.15332,-19.015736,8,EPI_ISL_16358486,Omicron,BA.5.3.1,2022-12-02
25.166454,-19.034576,8,EPI_ISL_16337935,Omicron,BQ.1.10.2,2022-11-27
25.153198,-19.015936,8,EPI_ISL_16206052,Omicron,BQ.1.12,2022-12-05
25.153128,-19.015924,8,EPI_ISL_16091628,Omicron,BQ.1.15,2022-11-27
25.15318,-19.015907,8,EPI_ISL_16203366,Omicron,BQ.1.23,2022-11-30
25.153162,-19.016127,8,EPI_ISL_16312667,Omicron,BQ.1.3,2022-12-04
25.153328,-19.015736,8,EPI_ISL_15922150,Omicron,BQ.1.11,2022-11-17
25.017292,-18.967527,8,EPI_ISL_16758905,Omicron,BQ.1.3,2023-01-14
25.15334,-19.015724,8,EPI_ISL_16825231,Omicron,BQ.1.10,2023-01-21
25.153334,-19.015734,8,EPI_ISL_16385820,Omicron,BQ.1.13,2022-11-17
25.153234,-19.015736,8,EPI_ISL_16265357,Omicron,BQ.1,2022-12-05
25.153162,-19.015947,8,EPI_ISL_16753693,Omicron,BQ.1,2023-01-22
24.49577,-19.289476,8,EPI_ISL_17251773,Omicron,BE.9,2022-12-09
25.157827,-19.00457,8,EPI_ISL_15793992,Omicron,BQ.1,2022-10-27
25.153238,-19.015726,8,EPI_ISL_16962817,Omicron,BQ.1.13,2023-02-04
25.153255,-19.015724,8,EPI_ISL_16848914,Omicron,BQ.1.10,2023-01-08
25.153357,-19.015724,8,EPI_ISL_16677033,Omicron,BQ.1.3,2023-01-12
25.153145,-19.015936,8,EPI_ISL_15669217,Omicron,BQ.1.23,2022-10-22
25.153313,-19.015734,8,EPI_ISL_16205321,Omicron,BQ.1.11,2022-12-04
25.153275,-19.015741,8,EPI_ISL_16139082,Omicron,BQ.1.16,2022-11-01
25.153278,-19.015732,8,EPI_ISL_16011647,Omicron,BQ.1.3,2022-11-18
25.153341,-19.015717,8,EPI_ISL_16993065,Omicron,BQ.1.28,2023-02-06
25.711075,-19.4197,8,EPI_ISL_16365696,Omicron,BA.5.2.36,2022-12-18
25.153046,-19.016127,8,EPI_ISL_16075580,Omicron,BQ.1.23,2022-11-18
25.153421,-19.015732,8,EPI_ISL_15821003,Omicron,BQ.1.3,2022-10-31
25.153114,-19.016125,8,EPI_ISL_16285186,Omicron,BQ.1.23,2022-11-24
23.378716,-19.252455,8,EPI_ISL_15440133,Omicron,BQ.1.1,2022-10-10
25.107044,-18.663994,8,EPI_ISL_16644032,Omicron,BW.1.1,2022-12-20
25.153324,-19.015722,8,EPI_ISL_16267313,Omicron,BQ.1,2022-12-08
25.153288,-19.015734,8,EPI_ISL_16532201,Omicron,BQ.1.31,2022-12-26
25.153177,-19.015947,8,EPI_ISL_15715920,Omicron,BQ.1.5,2022-11-02
24.539986,-19.277027,8,EPI_ISL_16464861,Omicron,BQ.1.2,2022-12-27
25.153282,-19.015734,8,EPI_ISL_16568049,Omicron,BQ.1.4,2022-12-17
25.153183,-19.015955,8,EPI_ISL_17068500,Omicron,BE.1.1,2023-02-13
24.539589,-19.27696,8,EPI_ISL_17069733,Omicron,BQ.1,2023-02-16
25.153292,-19.015732,8,EPI_ISL_16819710,Omicron,BW.1,2022-12-17
25.153404,-19.015726,8,EPI_ISL_16154162,Omicron,BQ.1.1.11,2022-12-05
25.15324,-19.015728,8,EPI_ISL_16513179,Omicron,BQ.1.3,2022-12-13
25.153334,-19.015726,8,EPI_ISL_16570472,Omicron,BQ.1.2,2022-12-28
25.153223,-19.01591,8,EPI_ISL_16629864,Omicron,BQ.1.3,2023-01-08
25.711071,-19.4197,8,EPI_ISL_16091579,Omicron,BE.1.1.1,2022-11-27
25.49084,-18.869558,8,EPI_ISL_17414390,Omicron,BQ.1.10,2023-02-14
25.153309,-19.015707,8,EPI_ISL_16857692,Omicron,BQ.1.10,2023-01-17
25.15318,-19.01595,8,EPI_ISL_16664144,Omicron,BQ.1.3,2022-12-31
24.539585,-19.276957,8,EPI_ISL_17543500,Omicron,BQ.1.1.11,2023-01-06
25.687649,-17.79188,8,EPI_ISL_15148760,Omicron,BA.5.2,2022-09-16
25.15318,-19.015934,8,EPI_ISL_16706333,Omicron,BQ.1.12,2023-01-06
25.113873,-18.986143,8,EPI_ISL_17304889,Omicron,BQ.1,2023-03-18
25.153355,-19.01573,8,EPI_ISL_16108198,Omicron,BQ.1,2022-11-25
25.490856,-18.869583,8,EPI_ISL_17414373,Omicron,BQ.1.10,2023-02-14
25.15335,-19.015907,8,EPI_ISL_15490403,Omicron,BQ.1,2022-10-10
25.106901,-18.66411,8,EPI_ISL_16422793,Omicron,BW.1.1,2022-11-09
25.153244,-19.015926,8,EPI_ISL_15768499,Omicron,BQ.1,2022-10-28
25.711082,-19.419739,8,EPI_ISL_15641955,Omicron,BA.5.2.36,2022-10-22
25.153244,-19.015732,8,EPI_ISL_16200569,Omicron,BQ.1.2,2022-11-08
25.154816,-19.01977,8,EPI_ISL_16321504,Omicron,BQ.1,2022-12-12
25.153292,-19.01573,8,EPI_ISL_16423631,Omicron,BW.1,2022-12-19
25.153183,-19.015951,8,EPI_ISL_16251811,Omicron,BQ.1,2022-11-20
25.153324,-19.015732,8,EPI_ISL_16913420,Omicron,BQ.1,2023-01-29
25.132998,-18.66197,8,EPI_ISL_16445354,Omicron,BQ.1.13.1,2022-12-31
25.079573,-18.113302,8,EPI_ISL_15797115,Omicron,BE.1.1.1,2022-10-24
25.153255,-19.015928,8,EPI_ISL_16682310,Omicron,BQ.1.10.1,2023-01-21
25.153187,-19.015926,8,EPI_ISL_17199183,Omicron,BQ.1,2022-12-22
25.153263,-19.015743,8,EPI_ISL_16244772,Omicron,BQ.1.3,2022-11-30
25.022865,-18.168543,8,EPI_ISL_16724473,Omicron,BQ.1.16,2022-12-15
25.490849,-18.86958,8,EPI_ISL_16600664,Omicron,BQ.1.27,2023-01-05
25.153276,-19.01574,8,EPI_ISL_17653895,Omicron,BQ.1.13.1,2023-03-18
25.153214,-19.015905,8,EPI_ISL_16116100,Omicron,BQ.1,2022-11-27
25.176756,-19.019619,8,EPI_ISL_16238497,Omicron,BQ.1.23,2022-12-17
25.15331,-19.015732,8,EPI_ISL_16158700,Omicron,BQ.1,2022-11-30
25.153263,-19.015738,8,EPI_ISL_16740351,Omicron,BQ.1.23,2023-01-18
24.539585,-19.27696,8,EPI_ISL_17004815,Omicron,BQ.1.26,2023-02-14
25.096783,-18.594189,8,EPI_ISL_15546393,Omicron,BQ.1,2022-10-12
25.153278,-19.015726,8,EPI_ISL_16344623,Omicron,BQ.1.10,2022-12-01
24.540104,-19.276627,8,EPI_ISL_15859306,Omicron,BQ.1.5,2022-10-31
25.711079,-19.419739,8,EPI_ISL_14789984,Omicron,BA.5.6.2,2022-08-27
25.153284,-19.015736,8,EPI_ISL_17383304,Omicron,BQ.1.8,2023-01-11
24.866926,-17.997368,8,EPI_ISL_16604644,Omicron,DY.1,2022-12-31
25.153164,-19.016111,8,EPI_ISL_16240979,Omicron,BQ.1.10.1,2022-12-13
25.711084,-19.419744,8,EPI_ISL_16611427,Omicron,BE.1.1.1,2023-01-02
25.153275,-19.015938,8,EPI_ISL_15931333,Omicron,BQ.1,2022-11-13
25.15322,-19.015741,8,EPI_ISL_16095575,Omicron,BQ.1.13.1,2022-11-21
25.153282,-19.015736,8,EPI_ISL_16654507,Omicron,BQ.1,2022-12-29
25.153347,-19.015707,8,EPI_ISL_15910157,Omicron,BQ.1,2022-11-05
25.005327,-18.976652,8,EPI_ISL_16539500,Omicron,BQ.1.2,2022-12-12
25.15319,-19.016108,8,EPI_ISL_16617413,Omicron,BE.9,2023-01-16
25.153133,-19.016138,8,EPI_ISL_16379645,Omicron,BQ.1.5,2022-12-01
25.153368,-19.015734,8,EPI_ISL_16730143,Omicron,BQ.1.25,2023-01-18
25.153135,-19.01611,8,EPI_ISL_15669766,Omicron,BQ.1.5,2022-10-23
25.030228,-19.08199,8,EPI_ISL_16611491,Omicron,BQ.1.20,2022-12-30
25.153269,-19.015736,8,EPI_ISL_16722029,Omicron,BQ.1,2023-01-11
25.153141,-19.016119,8,EPI_ISL_16999444,Omicron,BQ.1.1.28,2023-02-03
25.034283,-18.883846,8,EPI_ISL_17503590,Omicron,BQ.1.2,2023-03-07
25.153227,-19.01592,8,EPI_ISL_17404071,Omicron,BQ.1.23,2023-01-19
25.153324,-19.015718,8,EPI_ISL_16962478,Omicron,BQ.1.10.1,2023-02-02
24.539629,-19.27698,8,EPI_ISL_16041089,Omicron,BQ.1.13.1,2022-11-24
25.153383,-19.015718,8,EPI_ISL_15670982,Omicron,BQ.1.3,2022-11-02
25.15315,-19.01595,8,EPI_ISL_16683888,Omicron,BQ.1.23,2022-12-12
25.153316,-19.01571,8,EPI_ISL_17099297,Omicron,BQ.1.2,2022-12-19
25.15336,-19.01571,8,EPI_ISL_15861332,Omicron,BQ.1,2022-11-14
24.596165,-19.324766,8,EPI_ISL_17365712,Omicron,BA.5.2.36,2023-01
25.49193,-18.864557,8,EPI_ISL_15950499,Omicron,BQ.1.27,2022-11-09
24.540071,-19.277065,8,EPI_ISL_15549995,Omicron,BQ.1.3,2022-10-12
25.104696,-18.995989,8,EPI_ISL_16276434,Omicron,BQ.1.3,2022-12-08
25.007526,-19.01341,8,EPI_ISL_16271477,Omicron,BQ.1.13,2022-12-13
25.07116,-18.678349,8,EPI_ISL_16149965,Omicron,BQ.1.5,2022-10-27
25.153324,-19.01572,8,EPI_ISL_16419763,Omicron,BQ.1.31,2022-12-26
25.15329,-19.015944,8,EPI_ISL_15653705,Omicron,BQ.1.10,2022-10-22
25.15327,-19.01574,8,EPI_ISL_17091024,Omicron,BQ.1.12,2023-02-02
25.153353,-19.015715,8,EPI_ISL_15473065,Omicron,BQ.1.2,2022-10-18
25.153284,-19.015734,8,EPI_ISL_16962200,Omicron,BQ.1.32,2023-01-22
25.153267,-19.015736,8,EPI_ISL_15667642,Omicron,BQ.1.12,2022-10-31
25.164728,-19.031696,8,EPI_ISL_16169026,Omicron,BQ.1.3,2022-12-05
25.153286,-19.015736,8,EPI_ISL_16179826,Omicron,BQ.1,2022-12-13
25.69851,-19.402254,8,EPI_ISL_14461009,Omicron,BA.5.6.2,2022-08-03
24.56353,-19.269272,8,EPI_ISL_16850541,Omicron,BQ.1,2023-01-21
25.153221,-19.015903,8,EPI_ISL_16314864,Omicron,BQ.1.5,2022-12-19
25.711075,-19.419703,8,EPI_ISL_15322961,Omicron,BA.5.1.3,2022-09-24
25.153254,-19.015738,8,EPI_ISL_15180113,Omicron,BQ.1.5,2022-09-21
25.153118,-19.016125,8,EPI_ISL_16569152,Omicron,BQ.1.15,2022-12-21
25.153097,-19.016127,8,EPI_ISL_16621989,Omicron,BQ.1.3,2022-12-29
25.075064,-18.665905,8,EPI_ISL_17224209,Omicron,BQ.1.28,2023-02-16
25.153042,-19.016138,8,EPI_ISL_16344109,Omicron,BQ.1.13,2022-12-20
25.717705,-19.439608,8,EPI_ISL_15421383,Omicron,BQ.2,2022-09-21
25.152966,-19.016338,8,EPI_ISL_16462028,Omicron,BQ.1.11,2022-12-11
25.153215,-19.015934,8,EPI_ISL_15830215,Omicron,BQ.1.23,2022-11-09
24.639656,-19.232635,8,EPI_ISL_15660562,Omicron,BQ.1.8,2022-10-15
25.126467,-18.515316,8,EPI_ISL_16541123,Omicron,BQ.1.12,2022-12-19
25.153313,-19.015734,8,EPI_ISL_15480074,Omicron,BQ.1,2022-10-10
25.153402,-19.015701,8,EPI_ISL_16767662,Omicron,BQ.1.3,2023-01-23
25.153275,-19.015732,8,EPI_ISL_16566867,Omicron,BQ.1.12,2022-11-15
25.153221,-19.015919,8,EPI_ISL_15837601,Omicron,BQ.1.8,2022-11-11
25.15323,-19.01574,8,EPI_ISL_16294649,Omicron,BQ.1.23,2022-12-21
25.075075,-18.665905,8,EPI_ISL_15968301,Omicron,BQ.1.3,2022-11-21
25.15321,-19.015923,8,EPI_ISL_16715701,Omicron,BQ.1.12,2023-01-07
25.153273,-19.015705,8,EPI_ISL_16854674,Omicron,BQ.1,2023-01-08
25.711082,-19.41974,8,EPI_ISL_14738029,Omicron,BF.28,2022-08-15
25.071888,-18.629171,8,EPI_ISL_16091368,Omicron,BQ.1.19,2022-11-27
25.71108,-19.419695,8,EPI_ISL_14684127,Omicron,BE.1.1,2022-08-20
25.153234,-19.015934,8,EPI_ISL_15849471,Omicron,BQ.1.5,2022-11-01
25.176208,-19.025417,8,EPI_ISL_16235636,Omicron,BQ.1,2022-12-12
25.153223,-19.015923,8,EPI_ISL_16269710,Omicron,DE.2,2022-12-04
25.15302,-19.016346,8,EPI_ISL_16410745,Omicron,BE.9,2022-12-05
25.153267,-19.015717,8,EPI_ISL_16568216,Omicron,BQ.1.2,2022-12-18
25.15126,-18.66464,8,EPI_ISL_16167794,Omicron,BQ.1.2,2022-12-05
25.194391,-19.002102,8,EPI_ISL_16908139,Omicron,BQ.1.10,2023-02-08
24.539986,-19.277027,8,EPI_ISL_16221432,Omicron,BQ.1.10,2022-12-12
25.155937,-19.014683,8,EPI_ISL_17149615,Omicron,BQ.1.6,2023-01-27
25.153294,-19.01574,8,EPI_ISL_16057168,Omicron,BQ.1,2022-11-11
25.15318,-19.01595,8,EPI_ISL_16459985,Omicron,BQ.1.2,2022-12-26
25.15325,-19.015736,8,EPI_ISL_15840206,Omicron,BQ.1.10,2022-11-01
25.15329,-19.015736,8,EPI_ISL_16120528,Omicron,BQ.1.23,2022-11-26
25.153242,-19.01594,8,EPI_ISL_16662569,Omicron,BQ.1.23,2022-12-31
25.15327,-19.015738,8,EPI_ISL_16115491,Omicron,BQ.1,2022-12-03
25.15329,-19.015734,8,EPI_ISL_17022576,Omicron,BQ.1.2,2023-02-09
25.711082,-19.419744,8,EPI_ISL_17579397,Omicron,BQ.1.23,2022-12-31
25.153254,-19.015934,8,EPI_ISL_16128598,Omicron,BQ.1.23,2022-12-06
25.153189,-19.015923,8,EPI_ISL_16987575,Omicron,BQ.1.3,2023-02-05
25.687317,-17.79181,8,EPI_ISL_15315941,Omicron,BF.7.6,2022-09-05
25.153276,-19.01592,8,EPI_ISL_16695516,Omicron,BQ.1,2023-01-13
25.711079,-19.419704,8,EPI_ISL_15302510,Omicron,BE.1.1.1,2022-09-26
25.005009,-18.98395,8,EPI_ISL_15742942,Omicron,BQ.1.14,2022-11-06
24.539583,-19.276958,8,EPI_ISL_16433289,Omicron,BQ.1.14,2022-12-19
25.711086,-19.419739,8,EPI_ISL_17508317,Omicron,BE.1.1.1,2022-09-25
25.153105,-19.016098,8,EPI_ISL_16893671,Omicron,BQ.1,2023-01-10
25.153242,-19.015718,8,EPI_ISL_16382979,Omicron,BQ.1.13,2022-12-23
25.153126,-19.016119,8,EPI_ISL_15898740,Omicron,BQ.1,2022-10-19
25.153118,-19.016113,8,EPI_ISL_16529807,Omicron,BQ.1.13,2022-12-28
25.15268,-19.01669,8,EPI_ISL_16487202,Omicron,BQ.1.31,2022-12-29
25.153141,-19.016111,8,EPI_ISL_15829089,Omicron,BA.5.2.46,2022-10-31
25.15318,-19.016108,8,EPI_ISL_16866735,Omicron,BQ.1,2023-01-16
25.15292,-19.01673,8,EPI_ISL_16297693,Omicron,BE.10,2022-11-14
25.726822,-19.436155,8,EPI_ISL_16400151,Omicron,BE.1.1.1,2022-11-25
25.153318,-19.01573,8,EPI_ISL_17283408,Omicron,Unassigned,2023-03-13
25.153149,-19.015926,8,EPI_ISL_17465437,Omicron,BQ.1,2023-04-01
25.153214,-19.015738,8,EPI_ISL_16998267,Omicron,BQ.1,2023-01-30
25.153187,-19.015919,8,EPI_ISL_16185599,Omicron,BQ.1,2022-11-28
25.15319,-19.01594,8,EPI_ISL_16602815,Omicron,BQ.1.11,2022-12-20
25.153193,-19.015936,8,EPI_ISL_15853727,Omicron,BQ.1,2022-11-07
25.103802,-18.899115,8,EPI_ISL_16484148,Omicron,BA.5.2,2023-01-05
25.153233,-19.015917,8,EPI_ISL_17148372,Omicron,BQ.1.5,2022-11-30
25.72557,-19.42582,8,EPI_ISL_16105203,Omicron,DB.2,2022-11-29
25.15308,-19.016312,8,EPI_ISL_16662373,Omicron,BQ.1.12,2022-12-31
25.153172,-19.015928,8,EPI_ISL_15351579,Omicron,BQ.1,2022-09-17
25.383919,-19.46561,8,EPI_ISL_16185469,Omicron,BQ.1.3,2022-11-28
25.153019,-19.01651,8,EPI_ISL_16286160,Omicron,BQ.1.23,2022-12-18
25.153276,-19.015726,8,EPI_ISL_16529531,Omicron,BQ.1.8,2023-01-02
25.153189,-19.015919,8,EPI_ISL_16134208,Omicron,BQ.1.23,2022-10-30
25.153282,-19.01591,8,EPI_ISL_15800339,Omicron,BQ.1.23,2022-11-02
25.737043,-19.442665,8,EPI_ISL_15908249,Omicron,BA.5.2.25,2022-08-11
25.153244,-19.015741,8,EPI_ISL_16663971,Omicron,BQ.1.10,2023-01-10
25.153328,-19.015734,8,EPI_ISL_17024504,Omicron,BQ.1.13.1,2023-02-12
25.153133,-19.015942,8,EPI_ISL_16303029,Omicron,BW.1,2022-12-20
25.153137,-19.016117,8,EPI_ISL_15629076,Omicron,BQ.1.8,2022-10-19
25.153269,-19.015734,8,EPI_ISL_16081321,Omicron,BQ.1,2022-11-25
25.15336,-19.01572,8,EPI_ISL_16091047,Omicron,BQ.1.8,2022-11-26
25.153206,-19.016102,8,EPI_ISL_15583194,Omicron,BQ.1,2022-10-16
25.153246,-19.015886,8,EPI_ISL_17444075,Omicron,BQ.1.2,2022-12-25
25.153316,-19.015757,8,EPI_ISL_16243601,Omicron,BQ.1.3,2022-12-11
24.996195,-19.076256,8,EPI_ISL_15636239,Omicron,BQ.1.10,2022-10-20
25.565756,-19.556488,8,EPI_ISL_16179813,Omicron,BA.5.2.25,2022-12-12
25.153206,-19.015934,8,EPI_ISL_17625794,Omicron,BQ.1.10,2023-04-21
25.153128,-19.01613,8,EPI_ISL_15519441,Omicron,BQ.1,2022-10-14
25.15323,-19.015718,8,EPI_ISL_16735777,Omicron,BQ.1.2,2023-01-04
25.483007,-18.908659,8,EPI_ISL_16010837,Omicron,BQ.1,2022-11-15
25.153166,-19.015924,8,EPI_ISL_16230283,Omicron,BA.5.3.1,2022-10-26
25.153278,-19.015728,8,EPI_ISL_16618326,Omicron,BE.9,2022-12-17
25.106897,-18.664103,8,EPI_ISL_16654340,Omicron,BW.1.1,2022-12-28
25.153307,-19.01571,8,EPI_ISL_16452061,Omicron,BQ.1.23,2022-11-20
25.15323,-19.015724,8,EPI_ISL_16465429,Omicron,BE.10,2022-11-07
25.153116,-19.016113,8,EPI_ISL_16700015,Omicron,BQ.1.13.1,2023-01-13
25.153248,-19.015734,8,EPI_ISL_16020972,Omicron,BQ.1,2022-11-20
25.605907,-17.94847,8,EPI_ISL_17080284,Omicron,CK.2.1,2023-02-13
25.153296,-19.01592,8,EPI_ISL_16290990,Omicron,BQ.1.11,2022-12-09
25.711082,-19.419743,8,EPI_ISL_17383236,Omicron,BE.1.1,2022-12-29
25.153017,-19.016335,8,EPI_ISL_16905726,Omicron,BQ.1.23,2023-01-31
25.153316,-19.015722,8,EPI_ISL_15761287,Omicron,BQ.1.4,2022-10-29
25.200615,-19.02534,8,EPI_ISL_16493379,Omicron,BQ.1.2,2022-12-23
23.574797,-19.232513,8,EPI_ISL_16181863,Omicron,BQ.1.19,2022-12-02
25.101538,-18.57738,8,EPI_ISL_16090746,Omicron,DE.2,2022-11-25
25.153307,-19.01573,8,EPI_ISL_16520880,Omicron,BQ.1.23,2022-10-13
25.499273,-18.927698,8,EPI_ISL_16751731,Omicron,BQ.1.3,2023-01-10
25.168013,-19.029171,8,EPI_ISL_15531314,Omicron,BQ.1,2022-10-17
25.153292,-19.015932,8,EPI_ISL_15820799,Omicron,BQ.1.6,2022-10-27
24.996286,-19.076338,8,EPI_ISL_16735372,Omicron,BQ.1,2023-01-18
25.153393,-19.015942,8,EPI_ISL_17097741,Omicron,BQ.1.23,2023-02-26
25.153292,-19.016115,8,EPI_ISL_16136889,Omicron,BQ.1.12,2022-11-23
25.153406,-19.015924,8,EPI_ISL_15898949,Omicron,BQ.1,2022-10-06
25.687315,-17.791811,8,EPI_ISL_14326053,Omicron,BA.5.2.1,2022-07-25
25.15313,-19.016106,8,EPI_ISL_15968745,Omicron,BQ.1,2022-11-19
25.153008,-19.016317,8,EPI_ISL_15927959,Omicron,BQ.1.25,2022-11-14
25.153217,-19.015915,8,EPI_ISL_15469181,Omicron,BQ.1.8,2022-10-07
25.496943,-18.932028,8,EPI_ISL_16761974,Omicron,BQ.1.2,2023-01-24
25.153181,-19.015734,8,EPI_ISL_15736386,Omicron,BQ.1.2,2022-10-27
24.539986,-19.277029,8,EPI_ISL_16157705,Omicron,BQ.1.4,2022-11-10
25.196892,-18.651196,8,EPI_ISL_16637017,Omicron,BQ.1.13.1,2023-01-09
25.15316,-19.015953,8,EPI_ISL_16925357,Omicron,BQ.1.13,2022-11-28
25.153131,-19.015924,8,EPI_ISL_16363596,Omicron,BQ.1,2022-12-19
25.153225,-19.015734,8,EPI_ISL_16115295,Omicron,BQ.1,2022-11-28
25.687365,-17.791786,8,EPI_ISL_15403725,Omicron,BA.5.1.26,2022-09-14
25.153008,-19.016321,8,EPI_ISL_17092738,Omicron,BQ.1.5,2022-12-20
25.153131,-19.016106,8,EPI_ISL_16752259,Omicron,BQ.1.14,2023-01-23
25.153069,-19.016117,8,EPI_ISL_15610706,Omicron,BQ.1,2022-10-21
25.153255,-19.015726,8,EPI_ISL_16158691,Omicron,BQ.1.13.1,2022-12-12
25.103794,-18.899113,8,EPI_ISL_16817153,Omicron,BQ.1.12,2023-01-31
25.15304,-19.016129,8,EPI_ISL_16089965,Omicron,BQ.1.5,2022-11-28
25.15317,-19.016134,8,EPI_ISL_16962801,Omicron,BQ.1.28,2023-02-04
25.269327,-18.66264,8,EPI_ISL_17191645,Omicron,BQ.1,2023-02-24
25.10704,-18.663982,8,EPI_ISL_16709901,Omicron,BW.1.1.1,2023-01-09
25.15317,-19.015944,8,EPI_ISL_15933114,Omicron,BQ.1,2022-11-15
25.153107,-19.01594,8,EPI_ISL_17022791,Omicron,BQ.1.2,2022-12-26
25.56167,-19.344639,8,EPI_ISL_16507698,Omicron,BA.5.6.2,2022-12-08
25.153133,-19.016104,8,EPI_ISL_17231080,Omicron,BQ.1.12,2023-02-25
25.15318,-19.015945,8,EPI_ISL_16179564,Omicron,BQ.1.13.1,2022-12-04
24.996199,-19.076252,8,EPI_ISL_16019883,Omicron,BQ.1.2,2022-11-26
25.1758,-19.013231,8,EPI_ISL_16602760,Omicron,BQ.1.2,2022-12-19
24.539583,-19.276957,8,EPI_ISL_17275837,Omicron,BQ.1.2,2023
25.15321,-19.015942,8,EPI_ISL_16884870,Omicron,BQ.1.23,2023-01-23
25.711079,-19.419704,8,EPI_ISL_15051233,Omicron,BE.1.1.1,2022-08-18
25.15314,-19.015903,8,EPI_ISL_16055516,Omicron,BQ.1.23,2022-11-20
25.153357,-19.015726,8,EPI_ISL_16069600,Omicron,BQ.1,2022-11-07
25.153,-19.01613,8,EPI_ISL_15888687,Omicron,BW.1,2022-11-14
24.996302,-19.076246,8,EPI_ISL_16681919,Omicron,BE.10,2022-12-03
25.15299,-19.016127,8,EPI_ISL_16139091,Omicron,BQ.1.16,2022-11-01
25.711073,-19.419703,8,EPI_ISL_16267174,Omicron,BE.1.1.1,2022-12-07
25.153315,-19.01574,8,EPI_ISL_15920342,Omicron,BQ.1,2022-11-14
25.18469,-17.233616,8,EPI_ISL_16663378,Omicron,BQ.1,2023-01-07
25.153276,-19.01573,8,EPI_ISL_16117188,Omicron,BQ.1.28,2022-11-29
25.153206,-19.01593,8,EPI_ISL_16613753,Omicron,BQ.1.23,2023-01-11
25.15334,-19.015703,8,EPI_ISL_16420560,Omicron,Unassigned,2022-12-26
25.15322,-19.015934,8,EPI_ISL_16441691,Omicron,BQ.1.13.1,2022-12-28
25.153238,-19.016119,8,EPI_ISL_16653248,Omicron,BQ.1.3,2022-12-23
25.15295,-19.016329,8,EPI_ISL_16678765,Omicron,BQ.1.13.1,2023-01-09
25.153,-19.016335,8,EPI_ISL_16274538,Omicron,BQ.1.23,2022-12-05
25.153048,-19.016327,8,EPI_ISL_15929933,Omicron,BQ.1.23,2022-11-08
25.152534,-19.017084,8,EPI_ISL_16567968,Omicron,BQ.1.23,2022-12-17
25.711073,-19.420141,8,EPI_ISL_17578797,Omicron,BE.1.1.1,2022-12-31
25.152985,-19.016336,8,EPI_ISL_16593021,Omicron,BQ.1,2023-01-08
25.092707,-19.026907,8,EPI_ISL_17512865,Omicron,BQ.1,2022-12-22
25.005325,-18.976652,8,EPI_ISL_16883440,Omicron,BQ.1.8,2023-01-26
25.153282,-19.01572,8,EPI_ISL_16746054,Omicron,BQ.1.10,2023-01-15
25.153309,-19.015728,8,EPI_ISL_15467875,Omicron,BQ.1.23,2022-10-14
25.153399,-19.015715,8,EPI_ISL_16729534,Omicron,BQ.1.28,2023-01-13
25.153137,-19.016108,8,EPI_ISL_15746486,Omicron,Unassigned,2022-11-01
25.153152,-19.01613,8,EPI_ISL_16446701,Omicron,BQ.1.13.1,2022-12-18
25.807861,-19.429735,8,EPI_ISL_15803807,Omicron,BE.1,2022-10-26
24.540028,-19.277046,8,EPI_ISL_16735545,Omicron,BQ.1.2,2022-12-06
25.166113,-19.03459,8,EPI_ISL_15995118,Omicron,Unassigned,2022-11-23
25.153383,-19.01571,8,EPI_ISL_17008039,Omicron,BQ.1.10,2023-02-06
25.153135,-19.016108,8,EPI_ISL_16574400,Omicron,BQ.1.10,2022-12-21
25.15283,-19.017313,8,EPI_ISL_16667704,Omicron,BQ.1.13,2023-01-05
25.152985,-19.016712,8,EPI_ISL_16732282,Omicron,BQ.1.2,2023-01-22
25.152464,-19.017841,8,EPI_ISL_17073896,Omicron,BQ.1.3,2022-12-05
24.539583,-19.276958,8,EPI_ISL_16648849,Omicron,BQ.1.23,2023-01-10
25.15307,-19.016127,8,EPI_ISL_15499923,Omicron,BQ.1,2022-10-14
25.153093,-19.016127,8,EPI_ISL_17631038,Omicron,BQ.1.12,2023-04-20
25.153387,-19.015703,8,EPI_ISL_17269793,Omicron,BQ.1,2023-03-06
25.15319,-19.01595,8,EPI_ISL_15771082,Omicron,BQ.1,2022-10-26
25.153248,-19.015924,8,EPI_ISL_16897082,Omicron,BE.9,2022-11-22
25.15329,-19.015728,8,EPI_ISL_15830498,Omicron,BQ.1,2022-11-13
25.153091,-19.016127,8,EPI_ISL_16588792,Omicron,BQ.1.12,2022-12-24
25.153389,-19.015707,8,EPI_ISL_16710084,Omicron,BQ.1.28,2023-01-12
25.15298,-19.01693,8,EPI_ISL_16804316,Omicron,Unassigned,2023-01-23
25.153198,-19.01634,8,EPI_ISL_16010350,Omicron,BQ.1.11,2022-11-14
25.152967,-19.017149,8,EPI_ISL_16101020,Omicron,BQ.1.11,2022-11-25
25.152977,-19.016928,8,EPI_ISL_16378754,Omicron,BQ.1.5,2022-12-28
25.153181,-19.01633,8,EPI_ISL_15425180,Omicron,BQ.1.2,2022-10-05
25.153328,-19.016312,8,EPI_ISL_17005045,Omicron,BQ.1.23,2023-02-13
25.153309,-19.016085,8,EPI_ISL_15770729,Omicron,BQ.1,2022-10-28
25.15293,-19.01693,8,EPI_ISL_15947593,Omicron,BQ.1.6,2022-11-10
25.717718,-19.439621,8,EPI_ISL_16067137,Omicron,BQ.2,2022-11-14
25.15309,-19.016144,8,EPI_ISL_16232543,Omicron,BQ.1.14,2022-12-05
25.153112,-19.016144,8,EPI_ISL_15628714,Omicron,BQ.1.8,2022-10-18
25.1532,-19.015951,8,EPI_ISL_16081483,Omicron,BQ.1,2022-11-25
25.044151,-18.653189,8,EPI_ISL_16706453,Omicron,BQ.1.2,2023-01-05
25.15322,-19.01592,8,EPI_ISL_16724722,Omicron,BQ.1.23,2022-11-01
25.153145,-19.016146,8,EPI_ISL_16402283,Omicron,BQ.1.10,2022-12-19
25.710176,-19.431074,8,EPI_ISL_16207790,Omicron,BQ.1.12,2022-11-10
25.711071,-19.4197,8,EPI_ISL_16042398,Omicron,BA.5.2.25,2022-11-25
25.153101,-19.016302,8,EPI_ISL_16171859,Omicron,BQ.1.31,2022-12-05
25.153036,-19.016306,8,EPI_ISL_16381956,Omicron,BQ.1.28,2022-12-20
25.152931,-19.01651,8,EPI_ISL_16204628,Omicron,BW.1,2022-11-11
23.378714,-19.252453,8,EPI_ISL_16970843,Omicron,BQ.1.1.2,2023-02-01
25.152855,-19.01671,8,EPI_ISL_17556466,Omicron,BQ.1.14,2023-03-29
24.815022,-19.103811,8,EPI_ISL_16289325,Omicron,BQ.1,2022-12-14
25.153208,-19.016323,8,EPI_ISL_15727093,Omicron,BQ.1.8.2,2022-11-02
25.152641,-19.017265,8,EPI_ISL_16160559,Omicron,BQ.1,2022-11-25
25.152441,-19.017637,8,EPI_ISL_15380649,Omicron,BQ.1.1.31,2022-10-02
25.15261,-19.017256,8,EPI_ISL_16456965,Omicron,DE.2,2023-01-04
25.152441,-19.017668,8,EPI_ISL_16280844,Omicron,BQ.1.23,2022-12-11
25.153069,-19.016926,8,EPI_ISL_16618311,Omicron,BE.9,2022-12-05
25.101519,-18.577377,8,EPI_ISL_16823599,Omicron,BQ.1.2,2023-01-15
25.15254,-19.017458,8,EPI_ISL_16246399,Omicron,BQ.1.23,2022-11-30
25.095255,-18.989346,8,EPI_ISL_16423841,Omicron,BQ.1,2022-11-21
25.153158,-19.015923,8,EPI_ISL_16582382,Omicron,Unassigned,2023-01-09
25.153168,-19.016705,8,EPI_ISL_15881929,Omicron,BQ.1.11,2022-11-17
25.725565,-19.425817,8,EPI_ISL_15329140,Omicron,BA.5.2.25,2022-09-25
25.166111,-19.03459,8,EPI_ISL_17172872,Omicron,BQ.1.10,2023-01-13
25.15294,-19.017126,8,EPI_ISL_17387902,Omicron,BQ.1.12,2023-03-17
24.539581,-19.27696,8,EPI_ISL_17226368,Omicron,BQ.1.10,2023-01-21
25.153114,-19.016714,8,EPI_ISL_17165660,Omicron,BQ.1.13.1,2023-03-02
25.13989,-18.908323,8,EPI_ISL_16449212,Omicron,BQ.1.23,2022-12-15
25.15321,-19.016327,8,EPI_ISL_16208518,Omicron,BQ.1.2,2022-12-05
25.075064,-18.665895,8,EPI_ISL_15859280,Omicron,BQ.1.19,2022-11-15
25.152983,-19.017342,8,EPI_ISL_16420873,Omicron,Unassigned,2022-12-27
25.152811,-19.017338,8,EPI_ISL_16256448,Omicron,BQ.1.2,2022-12-12
25.152931,-19.017342,8,EPI_ISL_16609873,Omicron,BQ.1.10,2023-01-09
25.152569,-19.017647,8,EPI_ISL_16115583,Omicron,BQ.1,2022-11-28
25.153322,-19.016277,8,EPI_ISL_15644361,Omicron,BQ.1.14,2022-10-13
25.152512,-19.01747,8,EPI_ISL_15946446,Omicron,BQ.1.5,2022-11-14
25.005869,-18.774847,8,EPI_ISL_17060071,Omicron,BQ.1.3,2022-11-14
25.152933,-19.016956,8,EPI_ISL_16580280,Omicron,BQ.1.10.3,2023-01-11
25.152458,-19.017471,8,EPI_ISL_17018397,Omicron,BQ.1.13.1,2023-02-11
25.15318,-19.016514,8,EPI_ISL_17182139,Omicron,BQ.1.12,2023-02-24
25.71144,-19.420141,8,EPI_ISL_15227792,Omicron,BA.5.6.2,2022-09-20
25.483002,-18.908653,8,EPI_ISL_16324336,Omicron,BQ.1.3,2022-12-09
25.005333,-18.976652,8,EPI_ISL_16628970,Omicron,BQ.1.8,2022-12-06
25.152924,-19.017126,8,EPI_ISL_16170715,Omicron,BQ.1.10.1,2022-12-06
24.888727,-18.745409,8,EPI_ISL_16812640,Omicron,BQ.1.13,2023-01-20
25.152927,-19.017132,8,EPI_ISL_16168310,Omicron,BQ.1.2,2022-12-02
25.711782,-19.420122,8,EPI_ISL_15385594,Omicron,BE.1.1.1,2022-10-03
25.152872,-19.016916,8,EPI_ISL_16336368,Omicron,BQ.1.12,2022-11-18
25.153254,-19.016104,8,EPI_ISL_17277899,Omicron,BQ.1,2023-01-02
25.102823,-18.120716,8,EPI_ISL_17481722,Omicron,BQ.1.26.1,2023-03-13
25.153023,-19.016697,8,EPI_ISL_16633082,Omicron,BQ.1.10,2023-01-04
25.15323,-19.016304,8,EPI_ISL_16651373,Omicron,BQ.1.28,2022-12-28
25.153286,-19.016094,8,EPI_ISL_15904412,Omicron,BQ.1.8,2022-10-31
25.43892,-18.878878,8,EPI_ISL_15998144,Omicron,BQ.1.10,2022-11-14
25.152546,-19.017653,8,EPI_ISL_16420443,Omicron,Unassigned,2022-12-27
25.152534,-19.017866,8,EPI_ISL_15551942,Omicron,BQ.1.2,2022-10-21
25.711073,-19.420143,8,EPI_ISL_14448029,Omicron,BA.5.2.1,2022-07-27
25.1526,-19.01746,8,EPI_ISL_16608398,Omicron,BQ.1.2,2022-12-19
24.540112,-19.277082,8,EPI_ISL_17025582,Omicron,BQ.1.8,2022-11-24
25.15333,-19.016079,8,EPI_ISL_16090807,Omicron,BQ.1,2022-11-25
25.152945,-19.01675,8,EPI_ISL_17016153,Omicron,BQ.1.5,2023-01-11
25.153214,-19.016296,8,EPI_ISL_16321439,Omicron,BQ.1.12,2022-12-13
25.152596,-19.017643,8,EPI_ISL_16555140,Omicron,BQ.1.3,2022-11-28
25.153233,-19.016504,8,EPI_ISL_16530462,Omicron,BQ.1.9,2023-01-04
25.15251,-19.017654,8,EPI_ISL_16424087,Omicron,EA.1,2022-12-05
25.152582,-19.017654,8,EPI_ISL_16544521,Omicron,BQ.1.6,2022-11-07
25.152668,-19.017653,8,EPI_ISL_16837595,Omicron,BQ.1.8,2023-01-23
25.153265,-19.016506,8,EPI_ISL_16409529,Omicron,BQ.1.26.1,2022-12-28
25.643703,-17.831991,8,EPI_ISL_17294742,Omicron,BQ.1.2,2023-03-05
25.137737,-19.03278,8,EPI_ISL_16271782,Omicron,BQ.1.12,2022-12-04
25.102821,-18.120718,8,EPI_ISL_16680059,Omicron,BQ.1.1.18,2023-01-10
25.153269,-19.016508,8,EPI_ISL_16911476,Omicron,BQ.1.2,2023-01-17
25.16473,-19.031694,8,EPI_ISL_16016879,Omicron,BQ.1.23,2022-11-28
25.152939,-19.017118,8,EPI_ISL_16026658,Omicron,BQ.1.23,2022-11-26
25.15336,-19.016293,8,EPI_ISL_15687184,Omicron,BQ.1,2022-10-28
25.15304,-19.01689,8,EPI_ISL_17278065,Omicron,BQ.1.2,2022-12-14
25.152962,-19.01713,8,EPI_ISL_15603118,Omicron,BQ.1,2022
25.789839,-19.505173,8,EPI_ISL_16735373,Omicron,BA.5.2,2023-01-18
25.152946,-19.017128,8,EPI_ISL_16205216,Omicron,BQ.1.10,2022-12-03
25.153084,-19.017126,8,EPI_ISL_16696393,Omicron,BQ.1.12,2023-01-12
25.15293,-19.017107,8,EPI_ISL_15769939,Omicron,BQ.1.12,2022-11-05
24.710695,-18.698847,8,EPI_ISL_16558460,Omicron,BQ.1.3,2022-11-28
25.153196,-19.015924,8,EPI_ISL_16009671,Omicron,BQ.1.10,2022-11-17
25.1532,-19.015926,8,EPI_ISL_17067151,Omicron,BQ.1,2023-01-30
25.153181,-19.015951,8,EPI_ISL_15738924,Omicron,BQ.1.5,2022-11-03
25.154928,-18.97284,8,EPI_ISL_16318385,Omicron,BQ.1,2022-12-09
25.15323,-19.016516,8,EPI_ISL_16218623,Omicron,BQ.1.12,2022-12-07
25.15297,-19.017342,8,EPI_ISL_16531044,Omicron,BQ.1,2023-01-04
25.15297,-19.017342,8,EPI_ISL_16270500,Omicron,BQ.1,2022-11-23
25.15298,-19.017334,8,EPI_ISL_17444027,Omicron,BQ.1.3,2022-12-31
25.098246,-18.921179,8,EPI_ISL_16074837,Omicron,BQ.1,2022-11-21
24.228045,-19.03694,8,EPI_ISL_15320965,Omicron,BA.5.2,2022-08-09
25.15292,-19.017538,8,EPI_ISL_16087085,Omicron,BQ.1.2,2022-12-02
25.153131,-19.016712,8,EPI_ISL_16370191,Omicron,BQ.1.12,2022-12-21
25.15287,-19.01754,8,EPI_ISL_16515487,Omicron,BQ.1.8,2023-01-06
25.15275,-19.017319,8,EPI_ISL_16059073,Omicron,BQ.1.5,2022-11-23
25.152924,-19.017328,8,EPI_ISL_16203680,Omicron,BQ.1.3,2022-11-30
25.152756,-19.017508,8,EPI_ISL_16575006,Omicron,BQ.1.3,2022-12-26
25.126451,-18.515312,8,EPI_ISL_15614708,Omicron,BQ.1,2022-09
25.383932,-19.46561,8,EPI_ISL_16464379,Omicron,BQ.1.2,2022-11-21
25.153404,-19.015926,8,EPI_ISL_16813694,Omicron,BQ.1.23,2023-01-11
25.1535,-19.015923,8,EPI_ISL_15912273,Omicron,BQ.1.31,2022-11-18
25.711067,-19.42014,8,EPI_ISL_16080863,Omicron,BA.5.2.25,2022-11-22
25.15258,-19.01747,8,EPI_ISL_15703943,Omicron,BQ.1.10,2022-10-19
25.152933,-19.017132,8,EPI_ISL_16882695,Omicron,BQ.1.14,2023-02-01
24.539583,-19.27696,8,EPI_ISL_17552926,Omicron,BQ.1,2023-01-09
25.156937,-18.448576,8,EPI_ISL_15826743,Omicron,BQ.1.2,2022-11-11
25.15293,-19.017126,8,EPI_ISL_17179973,Omicron,BQ.1.2,2023-02-22
25.152887,-19.017578,8,EPI_ISL_17022358,Omicron,BQ.1.2,2023-01-28
25.15262,-19.017462,8,EPI_ISL_16009810,Omicron,BQ.1,2022-11-18
25.15321,-19.015926,8,EPI_ISL_17176728,Omicron,BQ.1.13.1,2023-02-15
25.15329,-19.015923,8,EPI_ISL_16307711,Omicron,BQ.1,2022-12-12
25.153225,-19.01595,8,EPI_ISL_16850479,Omicron,BQ.1.13,2023-01-21
25.555267,-19.300919,8,EPI_ISL_16024516,Omicron,BA.5.2.25,2022-11-22
25.153212,-19.015938,8,EPI_ISL_15773746,Omicron,BQ.1.2,2022
25.153212,-19.015905,8,EPI_ISL_16652049,Omicron,BQ.1.10,2022-12-29
25.1533,-19.015902,8,EPI_ISL_16550810,Omicron,BQ.1.23,2022-12-19
25.15275,-19.017511,8,EPI_ISL_16324577,Omicron,BQ.1.2,2022-12-13
25.00602,-18.845598,8,EPI_ISL_15533430,Omicron,BQ.1.8,2022-10-15
25.152555,-19.01746,8,EPI_ISL_16068079,Omicron,BQ.1.13,2022-10-29
25.106909,-18.664108,8,EPI_ISL_17161015,Omicron,BW.1.1,2023-02-13
25.687313,-17.791807,8,EPI_ISL_14405221,Omicron,BE.1.1,2022-07-23
24.539621,-19.276978,8,EPI_ISL_16746246,Omicron,BQ.1.3,2023-01-04
25.153336,-19.01572,8,EPI_ISL_16615334,Omicron,EC.1,2023-01-03
25.15313,-19.01593,8,EPI_ISL_16864845,Omicron,BQ.1.23,2023-01-21
25.058453,-18.942036,8,EPI_ISL_16613285,Omicron,BQ.1.10.3,2023-01-16
25.176744,-19.019592,8,EPI_ISL_16943169,Omicron,Unassigned,2023-01-29
25.152937,-19.01713,8,EPI_ISL_16188626,Omicron,BQ.1.14,2022-11-21
25.152756,-19.017534,8,EPI_ISL_16938879,Omicron,BE.9,2023-02-09
24.536394,-19.23241,8,EPI_ISL_17036643,Omicron,BQ.1.1,2023-01-20
25.152895,-19.017136,8,EPI_ISL_16364152,Omicron,BQ.1.2,2022-12-19
25.152891,-19.017141,8,EPI_ISL_16742638,Omicron,BQ.1.2,2023-01-19
25.152914,-19.017136,8,EPI_ISL_16307901,Omicron,BQ.1.12,2022-12-12
25.152502,-19.017673,8,EPI_ISL_16962995,Omicron,BQ.1.13.1,2023-02-05
25.152767,-19.017538,8,EPI_ISL_15531905,Omicron,BQ.1.3,2022-10-12
24.297012,-19.187243,8,EPI_ISL_17370319,Omicron,BQ.1.3,2023-03-12
25.152792,-19.017267,8,EPI_ISL_17260985,Omicron,BQ.1.3,2022-12-04
25.153082,-19.016743,8,EPI_ISL_15887580,Omicron,BQ.1,2022-10-31
25.152622,-19.017267,8,EPI_ISL_16230355,Omicron,BA.5.3.1,2022-10-31
24.297016,-19.187246,8,EPI_ISL_16491547,Omicron,DE.2,2023-01-02
25.711426,-19.420116,8,EPI_ISL_16033179,Omicron,BA.5.2.25,2022-11-24
25.152952,-19.016937,8,EPI_ISL_16553358,Omicron,BQ.1,2023-01-08
25.491924,-18.864569,8,EPI_ISL_16258137,Omicron,BQ.1.27,2022-12-10
25.153032,-19.016537,8,EPI_ISL_16966389,Omicron,BE.9,2022-12-26
25.271688,-18.635798,8,EPI_ISL_16274645,Omicron,BQ.1.8,2022-12-19
24.539988,-19.277033,8,EPI_ISL_17025513,Omicron,BQ.1,2022-12-04
25.005878,-18.774847,8,EPI_ISL_17262638,Omicron,BQ.1.23,2023-01-13
25.153198,-19.0161,8,EPI_ISL_15820647,Omicron,BQ.1.3,2022-11-07
24.539583,-19.27696,8,EPI_ISL_16068408,Omicron,BQ.1.3,2022-11-25
25.080816,-18.195848,8,EPI_ISL_16397699,Omicron,BQ.1.4,2022-12-19
25.152939,-19.016758,8,EPI_ISL_16851889,Omicron,BQ.1.12,2023-01-24
25.152937,-19.016762,8,EPI_ISL_16875608,Omicron,BQ.1.2,2023-01-24
25.15252,-19.017672,8,EPI_ISL_16496682,Omicron,BQ.1.8,2023-01-04
25.565763,-19.556473,8,EPI_ISL_16329145,Omicron,BE.1.1.1,2022-12-16
25.105125,-18.988426,8,EPI_ISL_16113259,Omicron,BQ.1.11,2022-11-30
25.152752,-19.017529,8,EPI_ISL_17345330,Omicron,BQ.1.12,2022-12-20
25.152578,-19.017654,8,EPI_ISL_16168313,Omicron,BQ.1.8,2022-12-02
25.152628,-19.017656,8,EPI_ISL_16945732,Omicron,BQ.1.2,2023-01-30
25.152517,-19.017666,8,EPI_ISL_16515402,Omicron,BQ.1.11,2023-01-09
25.083944,-18.953793,8,EPI_ISL_16567194,Omicron,BQ.1.5,2022-12-19
25.226833,-19.166399,8,EPI_ISL_16338979,Omicron,BQ.1.12,2022-12-02
25.153053,-19.016344,8,EPI_ISL_16325209,Omicron,BQ.1,2022-12-19
25.15344,-19.015732,8,EPI_ISL_16570978,Omicron,BQ.1.23,2022-12-19
25.005331,-18.976652,8,EPI_ISL_17485742,Omicron,BQ.1.2,2023-03-29
25.153427,-19.01594,8,EPI_ISL_17519059,Omicron,BQ.1.28,2023-03-13
25.1533,-19.015915,8,EPI_ISL_16209746,Omicron,BQ.1,2022-12-12
25.718544,-19.428694,8,EPI_ISL_15480951,Omicron,BE.1.1.1,2022-10-18
25.166119,-19.034592,8,EPI_ISL_16055652,Omicron,BQ.1.10.2,2022-12-05
25.152985,-19.017124,8,EPI_ISL_17221826,Omicron,BQ.1.13.1,2023-03-03
25.104904,-18.658747,8,EPI_ISL_16657840,Omicron,BQ.1.10,2022-12-27
25.479671,-18.672308,8,EPI_ISL_16804374,Omicron,Unassigned,2023-01-24
25.152973,-19.017096,8,EPI_ISL_15356334,Omicron,BQ.1,2022-09-15
24.539625,-19.276974,8,EPI_ISL_17345773,Omicron,BQ.1.23,2022-12-19
25.153027,-19.017096,8,EPI_ISL_15860695,Omicron,BQ.1.2,2022-11-12
25.152664,-19.017628,8,EPI_ISL_16850616,Omicron,BQ.1.14,2023-01-21
25.15263,-19.017622,8,EPI_ISL_17034644,Omicron,BQ.1.15,2023-02-12
25.152628,-19.01763,8,EPI_ISL_17397423,Omicron,BQ.1.12,2023-01-01
25.152618,-19.01765,8,EPI_ISL_16914883,Omicron,BQ.1,2023-01-31
25.140635,-19.038034,8,EPI_ISL_16661587,Omicron,BQ.1,2023-01-02
25.152668,-19.017624,8,EPI_ISL_16508021,Omicron,BQ.1.5,2023-01-03
25.152874,-19.017658,8,EPI_ISL_15993579,Omicron,BQ.1.14,2022-11-08
25.15289,-19.017567,8,EPI_ISL_16924901,Omicron,BQ.1.8.2,2023-02-07
25.152601,-19.017654,8,EPI_ISL_16503957,Omicron,BE.9,2022-12-06
25.135159,-19.020145,8,EPI_ISL_17231648,Omicron,BQ.1.10.1,2023-03-09
25.152864,-19.01731,8,EPI_ISL_15788355,Omicron,BQ.1.2,2022-11-05
25.711071,-19.420137,8,EPI_ISL_16996952,Omicron,BQ.1.23,2023-01-26
24.539982,-19.277025,8,EPI_ISL_16251049,Omicron,BQ.1.16,2022-12-10
25.643723,-17.831993,8,EPI_ISL_16685947,Omicron,Unassigned,2023-01-18
25.152933,-19.017313,8,EPI_ISL_17575776,Omicron,BQ.1.12,2023-01-09
25.483,-18.908667,8,EPI_ISL_16269483,Omicron,BQ.1.11,2022-11-28
25.153244,-19.016516,8,EPI_ISL_15861066,Omicron,BQ.1,2022-11-12
25.15263,-19.017628,8,EPI_ISL_17022231,Omicron,BQ.1.12,2023-01-28
24.539583,-19.27696,8,EPI_ISL_15368703,Omicron,DE.2,2022-10-07
25.152847,-19.017698,8,EPI_ISL_16745939,Omicron,BQ.1,2023-01-14
25.152878,-19.017654,8,EPI_ISL_16364514,Omicron,XBB,2022-12-12
25.005327,-18.97665,8,EPI_ISL_16812627,Omicron,BQ.1.8,2023-01-19
25.086767,-18.555729,8,EPI_ISL_16074424,Omicron,BQ.1.23,2022-11-28
25.152918,-19.017565,8,EPI_ISL_16530081,Omicron,BQ.1.3,2022-12-31
25.152918,-19.017557,8,EPI_ISL_15584452,Omicron,BQ.1.3,2022-10-14
25.102823,-18.120716,8,EPI_ISL_16365150,Omicron,BQ.1.23,2022-11-25
25.152601,-19.017654,8,EPI_ISL_16507667,Omicron,BQ.1.3,2023-01-01
25.175806,-19.013235,8,EPI_ISL_15716116,Omicron,BQ.1.2,2022-11-04
25.152857,-19.017698,8,EPI_ISL_17087581,Omicron,BQ.1.3,2023-01-23
25.152603,-19.017656,8,EPI_ISL_15744670,Omicron,BW.1,2022-10-30
25.152882,-19.017569,8,EPI_ISL_15774808,Omicron,BQ.1.2,2022-11-05
25.152554,-19.01786,8,EPI_ISL_16706933,Omicron,BQ.1.5,2023-01-08
25.152853,-19.017694,8,EPI_ISL_16064951,Omicron,Unassigned,2022-11-29
25.152672,-19.017658,8,EPI_ISL_16905802,Omicron,BQ.1.23,2023-01-31
25.152822,-19.017654,8,EPI_ISL_16027084,Omicron,BQ.1.14,2022-11-27
25.175806,-19.013235,8,EPI_ISL_17579457,Omicron,BQ.1.2,2023-01-02
25.153542,-19.015732,8,EPI_ISL_15774580,Omicron,EC.1,2022-11-09
25.153471,-19.01593,8,EPI_ISL_15577526,Omicron,BQ.1.1.31,2022-10-19
25.161917,-19.026834,8,EPI_ISL_17150008,Omicron,BQ.1.2,2023-02-07
25.153421,-19.01593,8,EPI_ISL_16549756,Omicron,BQ.1.2,2022-12-05
25.006369,-18.978106,8,EPI_ISL_17274434,Omicron,BQ.1.2,2022-12
25.166447,-19.034575,8,EPI_ISL_16980270,Omicron,BQ.1.10,2023-02-05
25.15287,-19.017704,8,EPI_ISL_17017853,Omicron,BQ.1.23,2023-02-07
25.152933,-19.01756,8,EPI_ISL_16657271,Omicron,BQ.1.12,2022-12-26
25.687365,-17.791786,8,EPI_ISL_17273016,Omicron,BA.5.2,2023-02-01
25.15286,-19.017662,8,EPI_ISL_16358699,Omicron,BQ.1,2022-12-19
25.718542,-19.428696,8,EPI_ISL_17587295,Omicron,BA.5.1,2023-04-16
25.11027,-18.66145,8,EPI_ISL_16508167,Omicron,BQ.1.5,2022-11-23
25.152618,-19.017656,8,EPI_ISL_16507786,Omicron,BQ.1,2022-11-06
25.756779,-19.076265,8,EPI_ISL_17234475,Omicron,Unassigned,2023-03-07
25.152632,-19.017658,8,EPI_ISL_16108498,Omicron,BQ.1,2022-12-08
25.152613,-19.017656,8,EPI_ISL_16888407,Omicron,BQ.1.2,2023-01-23
25.152624,-19.01763,8,EPI_ISL_16414627,Omicron,EA.1,2022-12-26
25.152927,-19.01757,8,EPI_ISL_16157769,Omicron,BQ.1.3,2022-12-04
25.152857,-19.01765,8,EPI_ISL_16157624,Omicron,BQ.1.23,2022-11-21
25.152615,-19.017624,8,EPI_ISL_16085568,Omicron,BQ.1.12,2022-11-21
25.152515,-19.017872,8,EPI_ISL_15578191,Omicron,BQ.1.1.5,2022-10-24
25.152704,-19.017656,8,EPI_ISL_16361062,Omicron,BQ.1.32,2022-12-16
25.152891,-19.017658,8,EPI_ISL_16518222,Omicron,Unassigned,2023-01-02
24.539577,-19.276958,8,EPI_ISL_16448846,Omicron,BQ.1.9,2022
25.15267,-19.017624,8,EPI_ISL_16944762,Omicron,BQ.1.2,2023-01-29
25.152515,-19.017864,8,EPI_ISL_16901615,Omicron,BQ.1.12,2023-01-19
25.711073,-19.420135,8,EPI_ISL_15813207,Omicron,BA.5.2.25,2022-08-29
25.107054,-18.663992,8,EPI_ISL_16712534,Omicron,BW.1.1.1,2022-12-13
25.711788,-19.420137,8,EPI_ISL_14045832,Omicron,BA.5.6.2,2022-07-08
24.632195,-19.236288,8,EPI_ISL_16611896,Omicron,BQ.1,2023-01-12
25.152933,-19.017565,8,EPI_ISL_16458428,Omicron,BQ.1,2022-12-14
25.068699,-18.640282,8,EPI_ISL_16658968,Omicron,BW.1.1,2023-01-02
23.378714,-19.252455,8,EPI_ISL_16455257,Omicron,BQ.1.2,2022-12-29
25.152517,-19.017675,8,EPI_ISL_16068358,Omicron,BQ.1.11,2022-11-26
25.152905,-19.017561,8,EPI_ISL_16047773,Omicron,BQ.1.10.1,2022-11-22
25.152899,-19.017565,8,EPI_ISL_15938848,Omicron,BQ.1.10.1,2022-11-21
25.15257,-19.017689,8,EPI_ISL_17375636,Omicron,BQ.1.2,2023-03-17
25.152939,-19.017328,8,EPI_ISL_16724069,Omicron,BQ.1,2022-12-26
25.152933,-19.017572,8,EPI_ISL_15936906,Omicron,BQ.1.3,2022-11-23
24.539581,-19.27696,8,EPI_ISL_16156286,Omicron,BQ.1,2022
