perplexity,min_samples,min_cluster_size,ari,noise_fraction,silhouette,n_clusters
30,10,50,0.03229906087916395,0.1430879577198943,0.2746329605579376,283
30,25,50,0.035522805662666995,0.16113250283125707,0.29920223355293274,264
30,50,50,0.03741055134527163,0.20523971309928274,0.4718089997768402,240
30,100,50,0.03580690715483946,0.2550094375235938,0.4452981948852539,153
30,250,50,0.03277138969121262,0.35217818044545113,0.5687041282653809,85
30,500,50,0.03184916694038987,0.4163080407701019,0.4098241925239563,55
30,1000,50,0.035263073977135184,0.5439184597961495,0.585193395614624,34
30,10,100,0.0325738433971272,0.1662061155152888,0.28192761540412903,173
30,25,100,0.03245556001369886,0.18689316723291807,0.27096328139305115,153
30,50,100,0.03529755919097143,0.22384295960739903,0.3770383596420288,151
30,100,100,0.03527520505537432,0.25106832767081916,0.4648502469062805,136
30,250,100,0.032341508038217455,0.3429671574178935,0.5576533079147339,73
30,500,100,0.03168227562532514,0.41673084182710457,0.44978004693984985,49
30,1000,100,0.03711057148934147,0.53759154397886,0.8207170367240906,24
30,10,250,0.031077250947035555,0.2191166477916195,0.25711822509765625,81
30,25,250,0.03118893657500884,0.22556436391090978,0.25664713978767395,75
30,50,250,0.032670074650911804,0.2340958852397131,0.3578405976295471,75
30,100,250,0.03448917461909548,0.26973197432993584,0.45577049255371094,69
30,250,250,0.03190548232195512,0.35097017742544356,0.6077317595481873,62
30,500,250,0.03185301269056205,0.418240845602114,0.5280455946922302,40
30,1000,250,0.03690435926423169,0.5491430728576822,0.8678401708602905,19
30,10,500,0.032191956933937775,0.2367685919214798,0.22318509221076965,47
30,25,500,0.030862152621059947,0.2313929784824462,0.1613675355911255,45
30,50,500,0.03503525863840763,0.2584824462061155,0.23374266922473907,45
30,100,500,0.031454749487905505,0.2794865987164968,0.33623209595680237,44
30,250,500,0.032787434289112814,0.3325783314458286,0.44943132996559143,38
30,500,500,0.03192252534860663,0.4117931294828237,0.6027047038078308,31
30,1000,500,0.039368624644619696,0.5105775764439411,0.7225275039672852,18
30,10,1000,0.04385824187220116,0.2693997734994337,0.19008062779903412,25
30,25,1000,0.04069358319671894,0.24810872027180067,0.25749635696411133,26
30,50,1000,0.035277995078235175,0.32064930162325406,0.2095029205083847,22
30,100,1000,0.03320946562206313,0.3626878067195168,0.4275244176387787,23
30,250,1000,0.03647186664388451,0.37917704794261986,0.3941184878349304,23
30,500,1000,0.03436263477217267,0.4574707436768592,0.4671551585197449,19
30,1000,1000,0.0367990697510959,0.5221291053227634,0.7208396196365356,17
30,10,2500,0.04328952057818308,0.35903359758399395,0.04323514923453331,11
30,25,2500,0.03661976534736405,0.3506379765949415,0.19923432171344757,9
30,50,2500,0.04211411983632606,0.39471498678746697,0.3178163766860962,7
30,100,2500,0.03351111223207145,0.36952812382030953,0.34325870871543884,8
30,250,2500,0.03928892040628484,0.4145715364288411,0.3996568024158478,8
30,500,2500,0.026733143816072284,0.5138844847112117,0.471200555562973,7
30,1000,2500,0.030111293447075322,0.5493997734994337,0.5782988667488098,7
30,10,5000,0.03168324272226353,0.4729180822952057,0.5392341017723083,2
30,25,5000,0.022676297897763445,0.5538995847489618,0.4228687584400177,3
30,50,5000,0.022439706623354354,0.48850132125330314,0.408911794424057,5
30,100,5000,0.01560542076410165,0.4469611174027935,0.3764790892601013,2
30,250,5000,0.020006018439777517,0.5275500188750472,0.5307266712188721,3
30,500,5000,0.007663836460577121,0.4136504341260853,0.5305382013320923,3
30,1000,5000,0.012796092642042003,0.5200604001510004,0.5677955150604248,2
30,10,10000,0.03168324272226353,0.4729180822952057,0.5392341613769531,2
30,25,10000,0.021216774945434766,0.5429671574178936,0.4619235396385193,2
30,50,10000,0.0,1.0,,0
30,100,10000,0.0,1.0,,0
30,250,10000,0.0,1.0,,0
30,500,10000,0.005080054300412264,0.38029445073612683,0.5562757253646851,2
30,1000,10000,0.0,1.0,,0
30,10,15000,0.0,1.0,,0
30,25,15000,0.0,1.0,,0
30,50,15000,0.0,1.0,,0
30,100,15000,0.0,1.0,,0
30,250,15000,0.0,1.0,,0
30,500,15000,0.0,1.0,,0
30,1000,15000,0.0,1.0,,0
30,10,20000,0.0,1.0,,0
30,25,20000,0.0,1.0,,0
30,50,20000,0.0,1.0,,0
30,100,20000,0.0,1.0,,0
30,250,20000,0.0,1.0,,0
30,500,20000,0.0,1.0,,0
30,1000,20000,0.0,1.0,,0
30,10,22000,0.0,1.0,,0
30,25,22000,0.0,1.0,,0
30,50,22000,0.0,1.0,,0
30,100,22000,0.0,1.0,,0
30,250,22000,0.0,1.0,,0
30,500,22000,0.0,1.0,,0
30,1000,22000,0.0,1.0,,0
50,10,50,0.013870358589755698,0.36140430351075875,-0.04666537046432495,271
50,25,50,0.015354008934115116,0.4364363910909777,-4195.4638671875,246
50,50,50,0.016512533825768085,0.4784144960362401,5661.33154296875,197
50,100,50,0.013119348136610106,0.45349943374858437,0.08311672508716583,97
50,250,50,0.012425664651821015,0.5281691204228011,0.4062870144844055,58
50,500,50,0.012968158655466886,0.47232918082295205,0.3252260088920593,32
50,1000,50,0.00742250637325374,0.5349339373348433,0.3246079087257385,20
50,10,100,0.010631648180424197,0.3640166100415251,0.020206008106470108,131
50,25,100,0.01333692011916039,0.402884107210268,0.10204711556434631,111
50,50,100,0.014401520266980772,0.4174103435258588,0.16438236832618713,97
50,100,100,0.01321864513801581,0.4441072102680257,0.12849260866641998,88
50,250,100,0.012630837881390933,0.4906606266515666,0.2940077781677246,50
50,500,100,0.012753734226868785,0.47418648546621367,0.3591775596141815,30
50,1000,100,0.00699877338929825,0.5384673461683654,0.34333765506744385,17
50,10,250,0.011726262592639269,0.32883352208380523,0.07768414914608002,60
50,25,250,0.01225889933089177,0.36640241600604,0.09288471937179565,57
50,50,250,0.01357413020086961,0.3976443941109853,0.19965223968029022,58
50,100,250,0.013827400420834397,0.4376594941487354,0.2783084809780121,49
50,250,250,0.01292170354889075,0.4646734616836542,0.26414522528648376,39
50,500,250,0.01158779974418537,0.4772064930162325,0.4376145005226135,25
50,1000,250,0.0066002012305651355,0.5503057757644394,0.6612556576728821,13
50,10,500,0.010705431557743374,0.3353265383163458,0.03015824407339096,32
50,25,500,0.010291943035671982,0.35457908644771613,0.05152947083115578,33
50,50,500,0.01144601051902439,0.4303359758399396,0.2700046896934509,31
50,100,500,0.01175888695309225,0.4311211778029445,0.2871628403663635,27
50,250,500,0.012064467846495345,0.4405285013212533,0.2418675720691681,24
50,500,500,0.01159031476599139,0.4508116270290676,0.30423983931541443,22
50,1000,500,0.006564219261842499,0.5545790864477161,0.6616482138633728,12
50,10,1000,0.009175867244262002,0.2639184597961495,0.10082466155290604,19
50,25,1000,0.009364160020399564,0.2765722914307286,0.13904795050621033,19
50,50,1000,0.007054484516739498,0.3497319743299358,0.2537340521812439,16
50,100,1000,0.007397072778682642,0.383676859192148,0.28195878863334656,16
50,250,1000,0.007621062679925516,0.48415251038127594,0.5241364240646362,14
50,500,1000,0.007067179538123122,0.49731974329935824,0.5252943634986877,13
50,1000,1000,0.005646447375652976,0.5552585881464703,0.5142620205879211,10
50,10,2500,0.005709102804879762,0.3870592676481691,0.31063705682754517,10
50,25,2500,0.006625750516211367,0.3830879577198943,0.32085028290748596,10
50,50,2500,0.0057438174143075475,0.48733861834654585,0.3614988923072815,8
50,100,2500,0.006782056424555661,0.5219026047565118,0.4468343257904053,7
50,250,2500,0.00795815958731441,0.5436919592298981,0.5185521841049194,7
50,500,2500,0.008215585780025802,0.5156813892034731,0.4127575159072876,8
50,1000,2500,0.007139861661746087,0.6029143072857682,0.5690167546272278,7
50,10,5000,0.0030891417212732665,0.5081162702906757,0.25554415583610535,2
50,25,5000,0.009067272287126348,0.44406191015477536,0.2249784618616104,2
50,50,5000,0.007438490835936969,0.48641751604379013,0.03759803622961044,3
50,100,5000,0.007050804910597515,0.48176670441676106,0.5160462260246277,3
50,250,5000,0.007038972511547738,0.4708342770856927,0.649256706237793,2
50,500,5000,0.006202536964299411,0.6336428841072103,0.6503399610519409,2
50,1000,5000,0.006590106497533971,0.6639184597961495,0.6285662651062012,2
50,10,10000,0.0,1.0,,0
50,25,10000,0.0,1.0,,0
50,50,10000,0.0,1.0,,0
50,100,10000,0.0,1.0,,0
50,250,10000,0.007038972511547738,0.4708342770856927,0.6492568254470825,2
50,500,10000,0.0,1.0,,0
50,1000,10000,0.0,1.0,,0
50,10,15000,0.0,1.0,,0
50,25,15000,0.0,1.0,,0
50,50,15000,0.0,1.0,,0
50,100,15000,0.0,1.0,,0
50,250,15000,0.0,1.0,,0
50,500,15000,0.0,1.0,,0
50,1000,15000,0.0,1.0,,0
50,10,20000,0.0,1.0,,0
50,25,20000,0.0,1.0,,0
50,50,20000,0.0,1.0,,0
50,100,20000,0.0,1.0,,0
50,250,20000,0.0,1.0,,0
50,500,20000,0.0,1.0,,0
50,1000,20000,0.0,1.0,,0
50,10,22000,0.0,1.0,,0
50,25,22000,0.0,1.0,,0
50,50,22000,0.0,1.0,,0
50,100,22000,0.0,1.0,,0
50,250,22000,0.0,1.0,,0
50,500,22000,0.0,1.0,,0
50,1000,22000,0.0,1.0,,0
100,10,50,0.05197923385506886,0.33250283125707814,-0.13005207479000092,320
100,25,50,0.2954655377625304,0.28336730841827107,-0.2597125470638275,208
100,50,50,0.2794700295837522,0.35675349188372973,-0.20269908010959625,165
100,100,50,0.3061748587677561,0.45549263873159684,,82
100,250,50,0.41507410658034205,0.2294601736504341,-0.376421183347702,27
100,500,50,0.3969441287710981,0.2839713099282748,0.054106030613183975,15
100,1000,50,0.3494996594835357,0.3540656851642129,0.31102249026298523,9
100,10,100,0.273027538575501,0.26041525103812757,-0.3190591633319855,142
100,25,100,0.2957552528965263,0.32010570026425067,-0.29648828506469727,112
100,50,100,0.2771619520036711,0.3758852397130993,-0.286282479763031,94
100,100,100,0.4093218742433471,0.2493922234805587,-0.4878544807434082,58
100,250,100,0.41507410658034205,0.2294601736504341,-0.3764212131500244,27
100,500,100,0.3968059378801976,0.2848320120800302,0.05463864281773567,14
100,1000,100,0.3494996594835357,0.3540656851642129,0.31102254986763,9
100,10,250,0.45490910031466736,0.18070215175537938,-0.44815877079963684,35
100,25,250,0.46500101572521135,0.2085617214043035,-0.49566543102264404,34
100,50,250,0.4455781655193252,0.1957568893922235,-0.46650320291519165,31
100,100,250,0.4411719703244212,0.18668176670441677,-0.4030228555202484,27
100,250,250,0.41840199903819314,0.22269535673839186,-0.4004020094871521,25
100,500,250,0.3968059378801976,0.2848320120800302,0.054638639092445374,14
100,1000,250,0.3494996594835357,0.3540656851642129,0.31102254986763,9
100,10,500,0.45587681457440515,0.19006417516043791,-0.33111101388931274,20
100,25,500,0.468568449924724,0.20436391090977726,-0.06925278156995773,13
100,50,500,0.4519663439644741,0.21573423933559835,-0.14438912272453308,14
100,100,500,0.4250389115090425,0.24714231785579463,-0.02613476663827896,13
100,250,500,0.41580230267911666,0.2442884107210268,-0.004875532351434231,14
100,500,500,0.3959588632101564,0.291838429596074,0.19283455610275269,13
100,1000,500,0.3494996594835357,0.3540656851642129,0.31102254986763,9
100,10,1000,0.4580179911837596,0.22459796149490374,0.07778284698724747,10
100,25,1000,0.4670836304785739,0.2346696866742167,0.11235867440700531,10
100,50,1000,0.4476174753770679,0.25327293318233296,0.1403031200170517,10
100,100,1000,0.4210490056929768,0.27178557946394866,0.137319877743721,10
100,250,1000,0.4112009651763339,0.266560966402416,0.17152653634548187,11
100,500,1000,0.3924430322173527,0.33025292563231406,0.24927572906017303,9
100,1000,1000,0.3494996594835357,0.3540656851642129,0.31102254986763,9
100,10,2500,0.5056090912297215,0.3491279728199321,0.6360982060432434,4
100,25,2500,0.5146399648027434,0.3640770101925255,0.698632001876831,4
100,50,2500,0.459228143552823,0.35181577953944887,0.6504517197608948,4
100,100,2500,0.43338961920306973,0.35975839939599846,0.6440834403038025,5
100,250,2500,0.4395941164390785,0.41484333710834276,0.7928816676139832,4
100,500,2500,0.44661704809212627,0.47232918082295205,0.8404197096824646,3
100,1000,2500,0.3456510103579767,0.36471121177802945,0.6967178583145142,5
100,10,5000,0.48101122207954605,0.37680634201585506,0.807401180267334,2
100,25,5000,0.488388874676179,0.39453378633446584,0.8153901100158691,2
100,50,5000,0.5280747234800948,0.4526236315590789,0.8805454969406128,2
100,100,5000,0.5146513603620827,0.4970781426953567,0.8927618861198425,2
100,250,5000,0.3918278957285339,0.4319214798036995,0.7582919001579285,2
100,500,5000,0.40931455779236886,0.4676632691581729,0.853919506072998,2
100,1000,5000,0.3043709284868793,0.3776821442053605,0.7645576000213623,2
100,10,10000,0.48101122207954605,0.37680634201585506,0.807401180267334,2
100,25,10000,0.488388874676179,0.39453378633446584,0.8153900504112244,2
100,50,10000,0.5280747234800948,0.4526236315590789,0.8805455565452576,2
100,100,10000,0.5146513603620827,0.4970781426953567,0.8927618861198425,2
100,250,10000,0.3918278957285339,0.4319214798036995,0.7582918405532837,2
100,500,10000,0.40931455779236886,0.4676632691581729,0.853919506072998,2
100,1000,10000,0.3043709284868793,0.3776821442053605,0.7645576000213623,2
100,10,15000,0.48101122207954605,0.37680634201585506,0.8074010610580444,2
100,25,15000,0.488388874676179,0.39453378633446584,0.8153900504112244,2
100,50,15000,0.5280747234800948,0.4526236315590789,0.8805455565452576,2
100,100,15000,0.5146513603620827,0.4970781426953567,0.892761766910553,2
100,250,15000,0.3918278957285339,0.4319214798036995,0.7582918405532837,2
100,500,15000,0.40931455779236886,0.4676632691581729,0.8539193868637085,2
100,1000,15000,0.3043709284868793,0.3776821442053605,0.7645577192306519,2
100,10,20000,0.0,1.0,,0
100,25,20000,0.0,1.0,,0
100,50,20000,0.0,1.0,,0
100,100,20000,0.0,1.0,,0
100,250,20000,0.0,1.0,,0
100,500,20000,0.0,1.0,,0
100,1000,20000,0.0,1.0,,0
100,10,22000,0.0,1.0,,0
100,25,22000,0.0,1.0,,0
100,50,22000,0.0,1.0,,0
100,100,22000,0.0,1.0,,0
100,250,22000,0.0,1.0,,0
100,500,22000,0.0,1.0,,0
100,1000,22000,0.0,1.0,,0
250,10,50,0.04209673806492384,0.2730992827482069,-0.0852920413017273,374
250,25,50,0.0727973848774274,0.38637976594941487,0.02830733172595501,294
250,50,50,0.07892705790710715,0.5112872782181955,0.22055749595165253,214
250,100,50,0.09049913641106923,0.6364967912419781,0.37128713726997375,102
250,250,50,0.21587785948467628,0.6545866364665912,363.8065185546875,31
250,500,50,0.6489107262524872,0.09742544356360891,0.2686818242073059,16
250,1000,50,0.6040584569646379,0.148961872404681,0.2800041139125824,12
250,10,100,0.060472738377104054,0.35959229898074746,-0.038741808384656906,186
250,25,100,0.08426061664275748,0.45334843337108344,0.08294664323329926,161
250,50,100,0.09683179377613978,0.5501245753114383,0.2535281181335449,116
250,100,100,0.09326495734191957,0.6346696866742166,0.41764068603515625,85
250,250,100,0.5606956492751468,0.37365043412608534,300.4002990722656,29
250,500,100,0.6495879863055265,0.09398263495658739,0.26985156536102295,15
250,1000,100,0.6040584569646379,0.148961872404681,0.28000408411026,12
250,10,250,0.272890583121774,0.3098678746696867,-0.14338292181491852,51
250,25,250,0.23771814427063412,0.4056776141940355,-0.07819904386997223,48
250,50,250,0.11910268653786854,0.582076255190638,0.186085507273674,44
250,100,250,0.19649311858924626,0.5848999622499056,0.3295452892780304,29
250,250,250,0.5725943846569979,0.3629445073612684,-0.04279885068535805,26
250,500,250,0.6495879863055265,0.09398263495658739,0.26985159516334534,15
250,1000,250,0.6040584569646379,0.148961872404681,0.2800041139125824,12
250,10,500,0.5507076178505854,0.14541336353340883,-0.36710843443870544,21
250,25,500,0.509877712573616,0.18834277085692713,-0.31747516989707947,19
250,50,500,0.47250324142748623,0.27989429973574936,-0.29036039113998413,19
250,100,500,0.5877716059929831,0.2791543978859947,-0.09718834608793259,15
250,250,500,0.6633338919974416,0.053544733861834656,0.2773383855819702,14
250,500,500,0.6515598174594294,0.08416761041902605,0.2785874605178833,13
250,1000,500,0.6106738487979744,0.1149112872782182,0.2922613322734833,10
250,10,1000,0.6951163345579986,0.02346545866364666,0.24810074269771576,12
250,25,1000,0.6951163345579986,0.02346545866364666,0.24810080230236053,12
250,50,1000,0.7041677606729315,0.020279350698376747,0.23789255321025848,11
250,100,1000,0.6977941749420005,0.024235560588901472,0.24284179508686066,11
250,250,1000,0.6688034076179258,0.047504718761796905,0.28935518860816956,11
250,500,1000,0.6570886309322725,0.06784446961117403,0.2793475389480591,11
250,1000,1000,0.6106738487979744,0.1149112872782182,0.2922614812850952,10
250,10,2500,0.6876437205459791,0.06328425821064552,0.2286507785320282,5
250,25,2500,0.6994165411027323,0.045330313325783314,0.21646881103515625,5
250,50,2500,0.7426005886171925,0.04061910154775387,0.2950981557369232,6
250,100,2500,0.6876437205459791,0.06328425821064552,0.228650763630867,5
250,250,2500,0.6966955223252671,0.08828992072480181,0.34191328287124634,6
250,500,2500,0.7044465139202396,0.07592298980747451,0.3087118864059448,6
250,1000,2500,0.6446736643974901,0.13218573046432616,0.32232287526130676,6
250,10,5000,0.6268841818210188,0.11830879577198943,0.2518295645713806,3
250,25,5000,0.6333087546297,0.10035485088712721,0.27216672897338867,3
250,50,5000,0.6733321031166384,0.14669686674216686,0.2894496023654938,3
250,100,5000,0.6268841818210188,0.11830879577198943,0.2518295347690582,3
250,250,5000,0.6108085525571195,0.1272782181955455,0.25420448184013367,3
250,500,5000,0.7115296713260187,0.13094752736881843,0.3415783941745758,4
250,1000,5000,0.6551903030686294,0.17322763306908268,0.3498465418815613,4
250,10,10000,0.682206569485087,0.2526085315213288,0.6886738538742065,2
250,25,10000,0.6333087546297,0.10035485088712721,0.27216672897338867,3
250,50,10000,0.6733321031166384,0.14669686674216686,0.2894496023654938,3
250,100,10000,0.682206569485087,0.2526085315213288,0.6886739134788513,2
250,250,10000,0.6619410068521601,0.26157795394488487,0.6915934681892395,2
250,500,10000,0.6364988373112804,0.27826349565873915,0.691378653049469,2
250,1000,10000,0.51839555015266,0.2648848622121555,0.830051839351654,2
250,10,15000,0.682206569485087,0.2526085315213288,0.6886739134788513,2
250,25,15000,0.682206569485087,0.2526085315213288,0.6886738538742065,2
250,50,15000,0.7414471299031353,0.29895054737636845,0.753218412399292,2
250,100,15000,0.682206569485087,0.2526085315213288,0.6886739134788513,2
250,250,15000,0.6619410068521601,0.26157795394488487,0.6915934681892395,2
250,500,15000,0.6364988373112804,0.27826349565873915,0.691378653049469,2
250,1000,15000,0.51839555015266,0.2648848622121555,0.8300518989562988,2
250,10,20000,0.682206569485087,0.2526085315213288,0.6886738538742065,2
250,25,20000,0.682206569485087,0.2526085315213288,0.6886738538742065,2
250,50,20000,0.7414471299031353,0.29895054737636845,0.7532185912132263,2
250,100,20000,0.682206569485087,0.2526085315213288,0.6886737942695618,2
250,250,20000,0.6619410068521601,0.26157795394488487,0.6915934681892395,2
250,500,20000,0.6364988373112804,0.27826349565873915,0.691378653049469,2
250,1000,20000,0.0,1.0,,0
250,10,22000,0.0,1.0,,0
250,25,22000,0.0,1.0,,0
250,50,22000,0.0,1.0,,0
250,100,22000,0.0,1.0,,0
250,250,22000,0.0,1.0,,0
250,500,22000,0.0,1.0,,0
250,1000,22000,0.0,1.0,,0
500,10,50,0.036831443849781785,0.24902982257455644,-0.018323013558983803,376
500,25,50,0.06674625796967304,0.3698754246885617,0.15061239898204803,293
500,50,50,0.08492282025347049,0.47883729709324274,0.3095890283584595,219
500,100,50,0.08710532853095065,0.615839939599849,0.4866947829723358,107
500,250,50,0.09044803552916937,0.7344205360513402,-9156.93359375,38
500,500,50,0.7191654529853317,0.07177047942619856,488.0126953125,18
500,1000,50,0.7276602508101955,0.0628312570781427,0.6649658679962158,11
500,10,100,0.059123816970844234,0.32961872404681014,-0.0006250891019590199,176
500,25,100,0.2796499277504765,0.2824160060400151,-0.1347440630197525,123
500,50,100,0.09890674165228432,0.4995394488486221,0.23561851680278778,124
500,100,100,0.10417733061110229,0.6087580218950548,0.5503723621368408,90
500,250,100,0.16182428487073908,0.6790788976972443,0.5106090903282166,32
500,500,100,0.7191646860442932,0.07177047942619856,500.3729553222656,18
500,1000,100,0.7276602508101955,0.0628312570781427,0.664965808391571,11
500,10,250,0.29755388493921014,0.25434503586258966,-0.19624249637126923,57
500,25,250,0.31899897172739233,0.36363910909777275,-0.09963152557611465,45
500,50,250,0.1967207332670338,0.46320875802189504,0.018140146508812904,41
500,100,250,0.14570438708217082,0.5840241600604001,0.31992843747138977,34
500,250,250,0.6123839177370672,0.33407323518308796,0.17754101753234863,24
500,500,250,0.7168248435708691,0.04329180822952058,0.6178745031356812,16
500,1000,250,0.7276602508101955,0.0628312570781427,0.6649656891822815,11
500,10,500,0.29091306515124626,0.30298225745564367,-0.1080237329006195,30
500,25,500,0.30218916878996677,0.4020687051717629,-0.08543725311756134,27
500,50,500,0.1922177551035046,0.4768289920724802,-0.042651426047086716,21
500,100,500,0.17601955023661667,0.569286523216308,0.07577529549598694,20
500,250,500,0.7369203502169888,0.00019630049075122687,0.626097559928894,14
500,500,500,0.7170794038351676,0.03251038127595319,0.6338651776313782,15
500,1000,500,0.7313069157606291,0.039577198942997355,0.6740602850914001,10
500,10,1000,0.7365489510462,0.03306908267270668,0.5208255648612976,12
500,25,1000,0.7373713307127633,0.04282370705926765,0.5165565609931946,12
500,50,1000,0.7310846380722582,0.05436013590033975,0.5994112491607666,12
500,100,1000,0.7379778325630442,0.04838052095130238,0.5229911208152771,12
500,250,1000,0.7492045693090615,0.00019630049075122687,0.5644275546073914,11
500,500,1000,0.7506953723230616,0.008365420913552284,0.5722501277923584,11
500,1000,1000,0.7313069157606291,0.039577198942997355,0.6740604639053345,10
500,10,2500,0.7242302029859256,0.048169120422801054,0.7367908358573914,5
500,25,2500,0.7242302029859256,0.048169120422801054,0.7367908954620361,5
500,50,2500,0.7188112486439235,0.05837674594186486,0.7722086906433105,5
500,100,2500,0.7242302029859256,0.048169120422801054,0.7367908358573914,5
500,250,2500,0.7242161622033745,0.0483352208380521,0.7372457385063171,5
500,500,2500,0.7836998707643452,0.08865232163080408,0.7794365286827087,5
500,1000,2500,0.7609248346914966,0.1202416006040015,0.8138754367828369,5
500,10,5000,0.7660082483226156,0.025096262740656853,0.8226525187492371,4
500,25,5000,0.7660082483226156,0.025096262740656853,0.8226524591445923,4
500,50,5000,0.7570755358644895,0.025096262740656853,0.8522387146949768,4
500,100,5000,0.7660082483226156,0.025096262740656853,0.8226525187492371,4
500,250,5000,0.7660082483226156,0.025096262740656853,0.8226525783538818,4
500,500,5000,0.821236245515538,0.06008305020762552,0.8664225935935974,4
500,1000,5000,0.7986166453230388,0.07977349943374859,0.9016185402870178,4
500,10,10000,0.7783494451266261,0.1234730086825217,0.8733864426612854,3
500,25,10000,0.7783494451266261,0.1234730086825217,0.8733864426612854,3
500,50,10000,0.7694881862496092,0.1234730086825217,0.9056566953659058,3
500,100,10000,0.7783494451266261,0.1234730086825217,0.873386561870575,3
500,250,10000,0.7783494451266261,0.1234730086825217,0.873386561870575,3
500,500,10000,0.8505063363015413,0.15845979614949038,0.9138632416725159,3
500,1000,10000,0.8221831209626309,0.17815024537561344,0.9459654092788696,3
500,10,15000,0.5517481382777518,0.025096262740656853,0.5560160279273987,2
500,25,15000,0.5517481382777518,0.025096262740656853,0.5560160279273987,2
500,50,15000,0.5517481382777518,0.025096262740656853,0.5560160875320435,2
500,100,15000,0.5517481382777518,0.025096262740656853,0.5560160279273987,2
500,250,15000,0.5517481382777518,0.025096262740656853,0.5560160279273987,2
500,500,15000,0.5517481382777518,0.025096262740656853,0.5560161471366882,2
500,1000,15000,0.5445644264466182,0.02977727444318611,0.5541629791259766,2
500,10,20000,0.5517481382777518,0.025096262740656853,0.5560160279273987,2
500,25,20000,0.5517481382777518,0.025096262740656853,0.5560160875320435,2
500,50,20000,0.5517481382777518,0.025096262740656853,0.5560160875320435,2
500,100,20000,0.5517481382777518,0.025096262740656853,0.5560160875320435,2
500,250,20000,0.5517481382777518,0.025096262740656853,0.5560160875320435,2
500,500,20000,0.5517481382777518,0.025096262740656853,0.5560160279273987,2
500,1000,20000,0.5445644264466182,0.02977727444318611,0.5541630387306213,2
500,10,22000,0.5517481382777518,0.025096262740656853,0.5560160875320435,2
500,25,22000,0.5517481382777518,0.025096262740656853,0.5560161471366882,2
500,50,22000,0.5517481382777518,0.025096262740656853,0.5560160279273987,2
500,100,22000,0.5517481382777518,0.025096262740656853,0.5560160875320435,2
500,250,22000,0.5517481382777518,0.025096262740656853,0.5560160875320435,2
500,500,22000,0.5517481382777518,0.025096262740656853,0.5560160279273987,2
500,1000,22000,0.0,1.0,,0
600,10,50,0.024004413696413224,0.17629294073235183,-0.039986684918403625,413
600,25,50,0.045313691128826286,0.27519818799546997,0.12140797078609467,345
600,50,50,0.0670755320685259,0.388478671196678,0.22622784972190857,265
600,100,50,0.08477447587686886,0.5281389203473009,0.34248119592666626,139
600,250,50,0.0917331456766636,0.7137787844469611,0.6047762632369995,38
600,500,50,0.759621519533015,0.13060022650056624,0.14371012151241302,21
600,1000,50,0.7407808233341642,0.01715364288410721,0.297124981880188,12
600,10,100,0.03468691711239385,0.2413439033597584,0.007265472784638405,200
600,25,100,0.05820314311977343,0.32656851642129103,0.12562434375286102,175
600,50,100,0.07994028935271108,0.4249301623254058,0.2581632733345032,142
600,100,100,0.087638465268043,0.5222952057380144,0.3489115238189697,121
600,250,100,0.09333247126726453,0.6997357493393733,0.5454170107841492,34
600,500,100,0.7595937644828643,0.13058512646281617,1130.367431640625,21
600,1000,100,0.7407808233341642,0.01715364288410721,0.297124981880188,12
600,10,250,0.05902954778468528,0.2981804454511136,-0.07297196239233017,72
600,25,250,0.05862703848730707,0.3989278973197433,0.060623086988925934,68
600,50,250,0.11321317230828754,0.4492261230653077,0.13025018572807312,59
600,100,250,0.11684398498109538,0.5910909777274443,0.3758089244365692,47
600,250,250,0.2103333222389245,0.6255794639486598,0.5974692106246948,25
600,500,250,0.7336467439882726,0.0375839939599849,0.2504616677761078,16
600,1000,250,0.7407808233341642,0.01715364288410721,0.2971249520778656,12
600,10,500,0.07594298999343187,0.35299358248395624,0.03832238167524338,39
600,25,500,0.1135023946131543,0.4181804454511136,0.13863258063793182,32
600,50,500,0.14178658116281748,0.5142166855417138,0.19565434753894806,27
600,100,500,0.1831343155285364,0.5367459418648547,0.43148916959762573,23
600,250,500,0.6772393852407395,0.2989052472631182,0.7848469018936157,15
600,500,500,0.7333355258247819,0.01849754624386561,0.28147491812705994,15
600,1000,500,0.7407808233341642,0.01715364288410721,0.297124981880188,12
600,10,1000,0.726116264580351,0.035771989429973575,0.23440593481063843,15
600,25,1000,0.7306242702551863,0.035258588146470364,0.2602877616882324,14
600,50,1000,0.730903742948936,0.03871649679124198,0.26627570390701294,14
600,100,1000,0.7311602558759096,0.04101170252925632,0.26684945821762085,14
600,250,1000,0.7454024196040152,0.0009815024537561344,0.2911549210548401,12
600,500,1000,0.7440850718278875,0.004061910154775387,0.29915350675582886,12
600,1000,1000,0.7407808233341642,0.01715364288410721,0.2971249520778656,12
600,10,2500,0.7611587534554383,0.09571913929784824,0.3459304869174957,6
600,25,2500,0.7611587534554383,0.09571913929784824,0.3459304869174957,6
600,50,2500,0.7611587534554383,0.09571913929784824,0.3459305167198181,6
600,100,2500,0.7544725365175223,0.04809362023405059,0.36471879482269287,7
600,250,2500,0.7611041976269602,0.09668554171385428,0.3475947380065918,6
600,500,2500,0.7609875083677695,0.09975084937712345,0.3518716096878052,6
600,1000,2500,0.7625131049491204,0.1119667799169498,0.3480064272880554,6
600,10,5000,0.8319150426130735,0.025096262740656853,0.5083298087120056,4
600,25,5000,0.8441609393633561,0.12359380898452246,0.8563749194145203,3
600,50,5000,0.8102129489734001,0.055386938467346165,0.5254366993904114,4
600,100,5000,0.8319150426130735,0.025096262740656853,0.5083299279212952,4
600,250,5000,0.8441609393633561,0.12359380898452246,0.8563746213912964,3
600,500,5000,0.8441609393633561,0.12359380898452246,0.8563748598098755,3
600,1000,5000,0.8441609393633561,0.12359380898452246,0.8563748598098755,3
600,10,10000,0.8441609393633561,0.12359380898452246,0.856374979019165,3
600,25,10000,0.8441609393633561,0.12359380898452246,0.856374979019165,3
600,50,10000,0.8374964328985031,0.15388448471121177,0.875690221786499,3
600,100,10000,0.8441609393633561,0.12359380898452246,0.8563749194145203,3
600,250,10000,0.8441609393633561,0.12359380898452246,0.8563749194145203,3
600,500,10000,0.8441609393633561,0.12359380898452246,0.8563748598098755,3
600,1000,10000,0.8441609393633561,0.12359380898452246,0.8563748598098755,3
600,10,15000,0.5751633236063717,0.12359380898452246,0.6809898018836975,2
600,25,15000,0.5751633236063717,0.12359380898452246,0.6809896230697632,2
600,50,15000,0.6046501332499071,0.15388448471121177,0.7351078391075134,2
600,100,15000,0.5691982617458672,0.12359380898452246,0.6422863006591797,2
600,250,15000,0.5751633236063717,0.12359380898452246,0.6809898614883423,2
600,500,15000,0.5751633236063717,0.12359380898452246,0.680989682674408,2
600,1000,15000,0.5751633236063717,0.12359380898452246,0.6809897422790527,2
600,10,20000,0.5751633236063717,0.12359380898452246,0.680989682674408,2
600,25,20000,0.5751633236063717,0.12359380898452246,0.680989682674408,2
600,50,20000,0.6046501332499071,0.15388448471121177,0.7351077198982239,2
600,100,20000,0.5691982617458672,0.12359380898452246,0.6422861814498901,2
600,250,20000,0.5751633236063717,0.12359380898452246,0.680989682674408,2
600,500,20000,0.5751633236063717,0.12359380898452246,0.6809898018836975,2
600,1000,20000,0.5751633236063717,0.12359380898452246,0.6809897422790527,2
600,10,22000,0.0,1.0,,0
600,25,22000,0.0,1.0,,0
600,50,22000,0.0,1.0,,0
600,100,22000,0.0,1.0,,0
600,250,22000,0.0,1.0,,0
600,500,22000,0.0,1.0,,0
600,1000,22000,0.0,1.0,,0
650,10,50,0.02724223079372526,0.17084182710456777,-0.00952550582587719,382
650,25,50,0.04551453297370427,0.25751604379010945,0.0766933262348175,331
650,50,50,0.06921672252116774,0.3602114005285013,0.23414909839630127,250
650,100,50,0.08101925504944085,0.48089090222725556,0.350186824798584,140
650,250,50,0.0629071027207236,0.6862212155530388,0.33310627937316895,46
650,500,50,0.5616767661228929,0.33354473386183464,,19
650,1000,50,0.7312871821768575,0.02284635711589279,0.5978613495826721,12
650,10,100,0.038391756415233506,0.2040317100792752,0.02139483392238617,210
650,25,100,0.059797127404944396,0.3003548508871272,0.12452783435583115,182
650,50,100,0.07667480044719818,0.3821970554926387,0.2391802817583084,150
650,100,100,0.08512218669034258,0.48144960362400907,0.3742162585258484,120
650,250,100,0.08218243479504646,0.6695658739146848,0.42838358879089355,40
650,500,100,0.592944082810435,0.2979690449226123,0.744142472743988,17
650,1000,100,0.7312871821768575,0.02284635711589279,0.5978612303733826,12
650,10,250,0.049896283901436925,0.299841449603624,0.04519519954919815,85
650,25,250,0.06955422560001073,0.3624160060400151,0.058968570083379745,75
650,50,250,0.07751317130375758,0.4392449981124953,0.20381735265254974,71
650,100,250,0.10186396052865972,0.5094299735749339,0.24709124863147736,57
650,250,250,0.11367765478100775,0.6548433371083427,0.39831632375717163,32
650,500,250,0.7318441785133276,0.03027557568893922,0.6037856340408325,15
650,1000,250,0.7312871821768575,0.02284635711589279,0.5978612899780273,12
650,10,500,0.10709972479022171,0.31269158172895434,0.002970860106870532,37
650,25,500,0.10634053684183876,0.4027029067572669,0.12255997955799103,36
650,50,500,0.11748751898868452,0.5051415628539071,0.25597262382507324,33
650,100,500,0.13964615267567845,0.5608758021895055,0.39744508266448975,26
650,250,500,0.6036598360845005,0.34237825594563986,0.7754932641983032,16
650,500,500,0.7318441785133276,0.03027557568893922,0.6037858128547668,15
650,1000,500,0.7312871821768575,0.02284635711589279,0.5978613495826721,12
650,10,1000,0.7381414997385942,4.5300113250283124e-05,0.5993554592132568,13
650,25,1000,0.7330901055748942,0.021562853907134766,0.5673959255218506,14
650,50,1000,0.7441394786041872,6.04001510003775e-05,0.58587247133255,12
650,100,1000,0.7346517867263099,0.03143827859569649,0.5668141841888428,13
650,250,1000,0.7424673591175415,0.004575311438278596,0.5852640271186829,12
650,500,1000,0.7389275874446676,0.016927142317855793,0.6075958013534546,12
650,1000,1000,0.7312871821768575,0.02284635711589279,0.5978612899780273,12
650,10,2500,0.7595684233680813,0.0958097395243488,0.7532647848129272,6
650,25,2500,0.7595684742787993,0.0958248395620989,0.7532703280448914,6
650,50,2500,0.7595684724336353,0.095839939599849,0.7532674670219421,6
650,100,2500,0.7595684724336353,0.095839939599849,0.7532676458358765,6
650,250,2500,0.7596521192185597,0.10033975084937713,0.752262532711029,6
650,500,2500,0.7609813002909426,0.11269158172895433,0.7638672590255737,6
650,1000,2500,0.7519617490644893,0.11830879577198943,0.7597599625587463,6
650,10,5000,0.8368288083815436,0.15433748584371462,0.9316595792770386,3
650,25,5000,0.8368288083815436,0.15433748584371462,0.931659460067749,3
650,50,5000,0.8368288083815436,0.15433748584371462,0.9316596388816833,3
650,100,5000,0.8368288083815436,0.15433748584371462,0.9316595792770386,3
650,250,5000,0.8368288083815436,0.15433748584371462,0.9316595196723938,3
650,500,5000,0.8368288083815436,0.15433748584371462,0.9316592216491699,3
650,1000,5000,0.8258070560318987,0.1591845979614949,0.9312670826911926,3
650,10,10000,0.8368288083815436,0.15433748584371462,0.9316595196723938,3
650,25,10000,0.8368288083815436,0.15433748584371462,0.9316595196723938,3
650,50,10000,0.8368288083815436,0.15433748584371462,0.931659460067749,3
650,100,10000,0.8368288083815436,0.15433748584371462,0.9316595196723938,3
650,250,10000,0.8368288083815436,0.15433748584371462,0.931659460067749,3
650,500,10000,0.8368288083815436,0.15433748584371462,0.931659460067749,3
650,1000,10000,0.8258070560318987,0.1591845979614949,0.9312669038772583,3
650,10,15000,0.5378678073243609,0.025096262740656853,0.5208414793014526,2
650,25,15000,0.5378678073243609,0.025096262740656853,0.5208414196968079,2
650,50,15000,0.5378678073243609,0.025096262740656853,0.5208415389060974,2
650,100,15000,0.5378678073243609,0.025096262740656853,0.5208414793014526,2
650,250,15000,0.5378678073243609,0.025096262740656853,0.5208413600921631,2
650,500,15000,0.5378678073243609,0.025096262740656853,0.5208414196968079,2
650,1000,15000,0.5378678073243609,0.025096262740656853,0.5208414196968079,2
650,10,20000,0.5378678073243609,0.025096262740656853,0.5208414196968079,2
650,25,20000,0.5378678073243609,0.025096262740656853,0.5208414196968079,2
650,50,20000,0.5378678073243609,0.025096262740656853,0.5208414196968079,2
650,100,20000,0.5378678073243609,0.025096262740656853,0.5208414793014526,2
650,250,20000,0.5378678073243609,0.025096262740656853,0.5208414196968079,2
650,500,20000,0.5378678073243609,0.025096262740656853,0.5208413600921631,2
650,1000,20000,0.5378678073243609,0.025096262740656853,0.5208414793014526,2
650,10,22000,0.0,1.0,,0
650,25,22000,0.0,1.0,,0
650,50,22000,0.0,1.0,,0
650,100,22000,0.0,1.0,,0
650,250,22000,0.0,1.0,,0
650,500,22000,0.0,1.0,,0
650,1000,22000,0.0,1.0,,0
700,10,50,0.019470907224223635,0.14245375613439035,-0.025099879130721092,420
700,25,50,0.0269774057091889,0.19729709324273312,1256.6607666015625,373
700,50,50,0.042674555637618156,0.3114382785956965,0.16216838359832764,301
700,100,50,0.04734600400556815,0.45294073235183085,0.2544171214103699,165
700,250,50,0.0796799972227671,0.6514760286900717,0.582578718662262,51
700,500,50,0.5725466133712941,0.4228463571158928,0.1862146109342575,19
700,1000,50,0.7396095221610078,0.01822574556436391,0.5454953908920288,11
700,10,100,0.02831935887414737,0.1768516421291053,-0.05314319580793381,226
700,25,100,0.04096697348967601,0.24372970932427332,-0.010957733727991581,204
700,50,100,0.05100385924650595,0.3343752359380898,0.12005908042192459,174
700,100,100,0.0573181755173388,0.44762551906379766,0.3354460597038269,144
700,250,100,0.08424458510586429,0.6453605134012835,0.4733240306377411,42
700,500,100,0.5787215943464348,0.41431483578708944,0.23312309384346008,18
700,1000,100,0.7396095221610078,0.01822574556436391,0.5454955697059631,11
700,10,250,0.07368212504645733,0.19622499056247641,-0.14116615056991577,80
700,25,250,0.04816833305688314,0.294239335598339,-0.030710700899362564,85
700,50,250,0.058512191413186664,0.38345035862589655,0.06605208665132523,77
700,100,250,0.07283804628228366,0.4639335598338996,0.2356375902891159,61
700,250,250,0.12703537188969113,0.6172442431106078,0.5447853207588196,34
700,500,250,0.7334297103677101,0.08347300868252171,0.08561597764492035,16
700,1000,250,0.7396095221610078,0.01822574556436391,0.5454954504966736,11
700,10,500,0.10207913154856983,0.24477161192902983,0.025106003507971764,39
700,25,500,0.08811794007922687,0.2944507361268403,0.03318721801042557,41
700,50,500,0.11372881054873499,0.3530539826349566,0.1533096432685852,32
700,100,500,0.12061534408696281,0.47886749716874294,0.39444392919540405,27
700,250,500,0.24996106295142245,0.5334541336353341,0.5804688334465027,17
700,500,500,0.7277641983660235,0.032178180445451114,0.14516963064670563,15
700,1000,500,0.7396095221610078,0.01822574556436391,0.5454955101013184,11
700,10,1000,0.7420814596957885,0.0,0.41449904441833496,11
700,25,1000,0.7296345850547519,0.03300868252170631,0.3833029866218567,12
700,50,1000,0.7420796490544015,1.5100037750094376e-05,0.4145006537437439,11
700,100,1000,0.7420814596957885,0.0,0.41449907422065735,11
700,250,1000,0.7420130677178712,0.00022650056625141563,0.41441285610198975,11
700,500,1000,0.7361575511573109,0.0031106077765194412,0.5546942353248596,11
700,1000,1000,0.7396095221610078,0.01822574556436391,0.5454955101013184,11
700,10,2500,0.7594524870815217,0.08057380143450359,0.5373044610023499,6
700,25,2500,0.7594524870815217,0.08057380143450359,0.5373043417930603,6
700,50,2500,0.7594524870815217,0.08057380143450359,0.5373044610023499,6
700,100,2500,0.7594524870815217,0.08057380143450359,0.5373044610023499,6
700,250,2500,0.7594710902416038,0.08077010192525481,0.5372610092163086,6
700,500,2500,0.7548597580716085,0.08365420913552284,0.6837540864944458,6
700,1000,2500,0.7553409886343498,0.09651944129860325,0.6787300109863281,6
700,10,5000,0.8097222585807647,0.057561343903359756,0.6554429531097412,4
700,25,5000,0.8097222585807647,0.057561343903359756,0.6554429531097412,4
700,50,5000,0.8097222585807647,0.057561343903359756,0.6554428339004517,4
700,100,5000,0.8097222585807647,0.057561343903359756,0.655443012714386,4
700,250,5000,0.8097222585807647,0.057561343903359756,0.6554429531097412,4
700,500,5000,0.8051347745343174,0.057576443941109855,0.7575007677078247,4
700,1000,5000,0.8067522234992068,0.07068327670819177,0.753859281539917,4
700,10,10000,0.8379475583022086,0.15607399018497548,0.8779035806655884,3
700,25,10000,0.8379475583022086,0.15607399018497548,0.8779033422470093,3
700,50,10000,0.8379475583022086,0.15607399018497548,0.8779033422470093,3
700,100,10000,0.8923798521556725,0.057561343903359756,0.7125927209854126,3
700,250,10000,0.8379475583022086,0.15607399018497548,0.8779033422470093,3
700,500,10000,0.8334083974628828,0.15608909022272555,0.929695188999176,3
700,1000,10000,0.8311089431783304,0.16919592298980748,0.9286395907402039,3
700,10,15000,0.9646505411497707,0.3273386183465459,0.9050012230873108,2
700,25,15000,0.9646505411497707,0.3273386183465459,0.9050012230873108,2
700,50,15000,0.9646505411497707,0.3273386183465459,0.905001163482666,2
700,100,15000,0.8923798521556725,0.057561343903359756,0.7125927805900574,3
700,250,15000,0.9646505411497707,0.3273386183465459,0.9050012230873108,2
700,500,15000,0.9603062334010923,0.32735371838429594,0.9622985124588013,2
700,1000,15000,0.9513654267060794,0.34046055115137785,0.9614450335502625,2
700,10,20000,0.9646505411497707,0.3273386183465459,0.9050012230873108,2
700,25,20000,0.9646505411497707,0.3273386183465459,0.9050013422966003,2
700,50,20000,0.9646505411497707,0.3273386183465459,0.9050012230873108,2
700,100,20000,0.9646505411497707,0.3273386183465459,0.9050013422966003,2
700,250,20000,0.9646505411497707,0.3273386183465459,0.905001163482666,2
700,500,20000,0.9603062334010923,0.32735371838429594,0.9622985124588013,2
700,1000,20000,0.9513654267060794,0.34046055115137785,0.9614449143409729,2
700,10,22000,0.0,1.0,,0
700,25,22000,0.0,1.0,,0
700,50,22000,0.0,1.0,,0
700,100,22000,0.0,1.0,,0
700,250,22000,0.0,1.0,,0
700,500,22000,0.0,1.0,,0
700,1000,22000,0.0,1.0,,0
750,10,50,0.027428904275872544,0.1846734616836542,0.007075760047882795,402
750,25,50,0.04377239785516447,0.2592676481691204,0.08169163763523102,324
750,50,50,0.06757173142775315,0.3631861079652699,0.21943943202495575,257
750,100,50,0.07368424100244383,0.4800604001510004,0.34737181663513184,147
750,250,50,0.0755150625460215,0.6839713099282748,0.5792152285575867,51
750,500,50,0.7385334180145234,0.13742544356360892,638.9657592773438,19
750,1000,50,0.7239295396277349,0.03163457908644771,0.31465303897857666,12
750,10,100,0.04128217563308633,0.23205738014345037,-0.007358909118920565,202
750,25,100,0.05590849119210209,0.29553793884484714,0.07397351413965225,182
750,50,100,0.07852638149226847,0.40120800302000753,0.22505836188793182,154
750,100,100,0.07751743025521565,0.4811023027557569,0.28594157099723816,132
750,250,100,0.12231752446348489,0.6488184220460551,0.5835493803024292,42
750,500,100,0.7308348647907696,0.1221442053605134,0.217896968126297,18
750,1000,100,0.7239295396277349,0.03163457908644771,0.31465309858322144,12
750,10,250,0.054468705632108,0.30701396753491883,0.09123285859823227,91
750,25,250,0.07914369842073996,0.3865307663269158,0.1605554074048996,77
750,50,250,0.0954323173111505,0.46109475273688183,0.2920914590358734,72
750,100,250,0.11603186090845229,0.5574933937334844,0.48808375000953674,53
750,250,250,0.14771337049856653,0.6284333710834277,0.6760899424552917,33
750,500,250,0.7169476130603453,0.056625141562853906,0.28820034861564636,16
750,1000,250,0.7466033616124629,0.009648924122310306,0.27997010946273804,11
750,10,500,0.089998993413913,0.33491883729709326,6.622832734137774e-05,40
750,25,500,0.09169711033419387,0.40197810494526237,0.10695222020149231,36
750,50,500,0.2664111807545275,0.31882219705549264,-0.08321131020784378,22
750,100,500,0.1932793852694711,0.5581879954699887,0.45378920435905457,24
750,250,500,0.1808010014310719,0.6485466213665534,0.698495090007782,19
750,500,500,0.7163626448603113,0.03805209513023783,0.31830745935440063,15
750,1000,500,0.7466033616124629,0.009648924122310306,0.2799701392650604,11
750,10,1000,0.7387777527125791,0.0015402038505096262,0.27340054512023926,11
750,25,1000,0.7385341835424768,0.00314080785201963,0.27222704887390137,11
750,50,1000,0.7267469540006829,0.042008305020762554,0.2614319622516632,12
750,100,1000,0.7389457739692088,3.020007550018875e-05,0.274332731962204,11
750,250,1000,0.7389457739692088,3.020007550018875e-05,0.274332731962204,11
750,500,1000,0.7394917806445946,0.0004228010570026425,0.2747876048088074,11
750,1000,1000,0.7466033616124629,0.009648924122310306,0.27997010946273804,11
750,10,2500,0.7113025030413362,0.025096262740656853,0.26482346653938293,6
750,25,2500,0.7113025030413362,0.025096262740656853,0.26482343673706055,6
750,50,2500,0.7113025030413362,0.025096262740656853,0.2648234963417053,6
750,100,2500,0.7113025030413362,0.025096262740656853,0.26482346653938293,6
750,250,2500,0.7113025030413362,0.025096262740656853,0.2648234963417053,6
750,500,2500,0.7113025030413362,0.025096262740656853,0.26482343673706055,6
750,1000,2500,0.7113025030413362,0.025096262740656853,0.26482346653938293,6
750,10,5000,0.6490890647690577,0.025096262740656853,0.48169317841529846,4
750,25,5000,0.6490890647690577,0.025096262740656853,0.4816931486129761,4
750,50,5000,0.6490890647690577,0.025096262740656853,0.48169317841529846,4
750,100,5000,0.6490890647690577,0.025096262740656853,0.48169320821762085,4
750,250,5000,0.6490890647690577,0.025096262740656853,0.4816931486129761,4
750,500,5000,0.6490890647690577,0.025096262740656853,0.48169317841529846,4
750,1000,5000,0.6490890647690577,0.025096262740656853,0.48169320821762085,4
750,10,10000,0.7278907518298992,0.23244998112495283,0.8639495968818665,2
750,25,10000,0.7278907518298992,0.23244998112495283,0.8639495372772217,2
750,50,10000,0.7025517527644168,0.025096262740656853,0.6280028223991394,3
750,100,10000,0.7025517527644168,0.025096262740656853,0.6280027627944946,3
750,250,10000,0.7278907518298992,0.23244998112495283,0.8639498949050903,2
750,500,10000,0.7278907518298992,0.23244998112495283,0.8639495968818665,2
750,1000,10000,0.7025517527644168,0.025096262740656853,0.6280028223991394,3
750,10,15000,0.7278907518298992,0.23244998112495283,0.8639497756958008,2
750,25,15000,0.7278907518298992,0.23244998112495283,0.8639495968818665,2
750,50,15000,0.7278907518298992,0.23244998112495283,0.8639495372772217,2
750,100,15000,0.7278907518298992,0.23244998112495283,0.8639495372772217,2
750,250,15000,0.7278907518298992,0.23244998112495283,0.8639497756958008,2
750,500,15000,0.7278907518298992,0.23244998112495283,0.8639495968818665,2
750,1000,15000,0.7278907518298992,0.23244998112495283,0.8639495968818665,2
750,10,20000,0.7278907518298992,0.23244998112495283,0.8639494180679321,2
750,25,20000,0.7278907518298992,0.23244998112495283,0.8639495968818665,2
750,50,20000,0.7278907518298992,0.23244998112495283,0.8639495968818665,2
750,100,20000,0.7278907518298992,0.23244998112495283,0.8639495372772217,2
750,250,20000,0.7278907518298992,0.23244998112495283,0.8639497756958008,2
750,500,20000,0.7278907518298992,0.23244998112495283,0.8639495372772217,2
750,1000,20000,0.7278907518298992,0.23244998112495283,0.8639495968818665,2
750,10,22000,0.0,1.0,,0
750,25,22000,0.0,1.0,,0
750,50,22000,0.0,1.0,,0
750,100,22000,0.0,1.0,,0
750,250,22000,0.0,1.0,,0
750,500,22000,0.0,1.0,,0
750,1000,22000,0.0,1.0,,0
800,10,50,0.023486456326387677,0.14734616836542092,-0.004516159649938345,390
800,25,50,0.031689567632756044,0.2131672329180823,0.06709658354520798,354
800,50,50,0.05416758822606127,0.32504341260853153,0.22475828230381012,288
800,100,50,0.0731203177245358,0.48057380143450357,0.37447747588157654,167
800,250,50,0.07609214839670952,0.6648999622499057,0.5848832130432129,50
800,500,50,0.5457796979285645,0.43171007927519817,-164.2094268798828,21
800,1000,50,0.7441041889228701,0.005269913174782937,0.5827829837799072,11
800,10,100,0.027793991798331297,0.1922838807097018,0.023716624826192856,225
800,25,100,0.03958401893462674,0.2665911664779162,0.0983147993683815,198
800,50,100,0.05766538052579299,0.3683654209135523,0.24071982502937317,173
800,100,100,0.07358466126672315,0.4863722159305398,0.4336823523044586,142
800,250,100,0.0906837526471567,0.6529105322763307,0.567942202091217,47
800,500,100,0.5578722223867694,0.4101170252925632,0.6016678214073181,18
800,1000,100,0.7441041889228701,0.005269913174782937,0.5827829241752625,11
800,10,250,0.04879172951916289,0.24613061532653832,-0.008954770863056183,83
800,25,250,0.0570800717999562,0.3397810494526236,0.10719744861125946,86
800,50,250,0.046773429915383746,0.4298527746319366,0.16609397530555725,74
800,100,250,0.09219657618763367,0.5190033975084938,0.4217004179954529,51
800,250,250,0.12223589089580479,0.6401812004530011,0.6774739027023315,35
800,500,250,0.7191966244752287,0.034095885239713096,0.45735689997673035,15
800,1000,250,0.7441041889228701,0.005269913174782937,0.5827829837799072,11
800,10,500,0.05757428197845105,0.28493771234428084,0.03498324379324913,49
800,25,500,0.07703130686169721,0.36036240090600224,0.18219950795173645,42
800,50,500,0.10562131978626686,0.4426274065685164,0.285213440656662,36
800,100,500,0.16847780413320312,0.5123593808984522,0.4800199270248413,27
800,250,500,0.18023272771646873,0.6339599848999623,0.716418981552124,19
800,500,500,0.7191966244752287,0.034095885239713096,0.4573568105697632,15
800,1000,500,0.7441041889228701,0.005269913174782937,0.5827829837799072,11
800,10,1000,0.7285919441232201,0.05328803322008305,0.6300700902938843,12
800,25,1000,0.7271213555271675,0.04196300490751227,0.6323497891426086,12
800,50,1000,0.7390759017375336,4.5300113250283124e-05,0.5813018679618835,11
800,100,1000,0.7331750236068217,0.0003473008682521706,0.6259694695472717,12
800,250,1000,0.7296891253394927,0.012246130615326539,0.6342104077339172,12
800,500,1000,0.73907410181645,6.04001510003775e-05,0.5813100934028625,11
800,1000,1000,0.7441041889228701,0.005269913174782937,0.5827829241752625,11
800,10,2500,0.7596467145026068,0.05608154020385051,0.7626636028289795,6
800,25,2500,0.7596467145026068,0.05608154020385051,0.7626637816429138,6
800,50,2500,0.7596467145026068,0.05608154020385051,0.762663722038269,6
800,100,2500,0.7596467145026068,0.05608154020385051,0.7626637816429138,6
800,250,2500,0.7596467145026068,0.05608154020385051,0.7626638412475586,6
800,500,2500,0.7596467145026068,0.05608154020385051,0.7626638412475586,6
800,1000,2500,0.7639363237169521,0.06061155152887882,0.7624561190605164,6
800,10,5000,0.80635684793365,0.05608154020385051,0.8102527260780334,4
800,25,5000,0.80635684793365,0.05608154020385051,0.8102527260780334,4
800,50,5000,0.80635684793365,0.05608154020385051,0.8102526068687439,4
800,100,5000,0.80635684793365,0.05608154020385051,0.8102526068687439,4
800,250,5000,0.80635684793365,0.05608154020385051,0.8102526068687439,4
800,500,5000,0.80635684793365,0.05608154020385051,0.8102525472640991,4
800,1000,5000,0.8106793819353983,0.06061155152887882,0.8099678158760071,4
800,10,10000,0.8338978119557594,0.15459418648546622,0.9447368383407593,3
800,25,10000,0.8888696663300156,0.05608154020385051,0.7769975066184998,3
800,50,10000,0.8888696663300156,0.05608154020385051,0.7769975662231445,3
800,100,10000,0.8888696663300156,0.05608154020385051,0.776997447013855,3
800,250,10000,0.8888696663300156,0.05608154020385051,0.776997447013855,3
800,500,10000,0.8338978119557594,0.15459418648546622,0.9447365999221802,3
800,1000,10000,0.8367323225631537,0.15912419781049453,0.9451583027839661,3
800,10,15000,0.9593346585330387,0.32549641374103433,0.9716576933860779,2
800,25,15000,0.8888696663300156,0.05608154020385051,0.7769976258277893,3
800,50,15000,0.8888696663300156,0.05608154020385051,0.776997447013855,3
800,100,15000,0.8888696663300156,0.05608154020385051,0.776997447013855,3
800,250,15000,0.8888696663300156,0.05608154020385051,0.776997447013855,3
800,500,15000,0.9593346585330387,0.32549641374103433,0.9716575741767883,2
800,1000,15000,0.9595648181697226,0.33002642506606267,0.9722936153411865,2
800,10,20000,0.9593346585330387,0.32549641374103433,0.9716576933860779,2
800,25,20000,0.9593346585330387,0.32549641374103433,0.9716578722000122,2
800,50,20000,0.9593346585330387,0.32549641374103433,0.9716577529907227,2
800,100,20000,0.9593346585330387,0.32549641374103433,0.9716576933860779,2
800,250,20000,0.9593346585330387,0.32549641374103433,0.9716578722000122,2
800,500,20000,0.9593346585330387,0.32549641374103433,0.9716577529907227,2
800,1000,20000,0.9595648181697226,0.33002642506606267,0.9722934365272522,2
800,10,22000,0.0,1.0,,0
800,25,22000,0.0,1.0,,0
800,50,22000,0.0,1.0,,0
800,100,22000,0.0,1.0,,0
800,250,22000,0.0,1.0,,0
800,500,22000,0.0,1.0,,0
800,1000,22000,0.0,1.0,,0
900,10,50,0.015017405678687843,0.12682521706304264,0.00282145943492651,432
900,25,50,0.01816319166572389,0.18373725934314836,0.05265510454773903,395
900,50,50,0.029874863112735676,0.2781426953567384,0.14870843291282654,328
900,100,50,0.05665345655126812,0.4120800302000755,0.2824232280254364,179
900,250,50,0.0723308088099652,0.6775084937712345,,60
900,500,50,0.7004051322677347,0.09325783314458286,735.78564453125,19
900,1000,50,0.7383226314188034,0.001041902604756512,0.543093740940094,11
900,10,100,0.022133119252931606,0.17843714609286523,-0.0034270375035703182,249
900,25,100,0.027690412812093255,0.2215175537938845,0.04239341989159584,225
900,50,100,0.036585423408932345,0.28202340505851264,0.08540837466716766,197
900,100,100,0.05891215344564222,0.40709701774254436,0.28721436858177185,154
900,250,100,0.11079927370647402,0.6310154775386938,0.5936129093170166,49
900,500,100,0.7001972923427697,0.09204983012457531,482.3515319824219,18
900,1000,100,0.7383226314188034,0.001041902604756512,0.543093740940094,11
900,10,250,0.04270335239473973,0.25944884862212153,-0.007224364206194878,95
900,25,250,0.06250816846193603,0.2874745186862967,0.0028142083901911974,82
900,50,250,0.05823080269518598,0.3659041147602869,0.11330676078796387,84
900,100,250,0.08480024495246186,0.45970554926387314,0.29626190662384033,70
900,250,250,0.13694404672166832,0.6245677614194035,0.5161171555519104,39
900,500,250,0.6971323738614118,0.055145337863344655,0.6326533555984497,15
900,1000,250,0.7383226314188034,0.001041902604756512,0.5430936217308044,11
900,10,500,0.07548843537316481,0.3122687806719517,0.1148301213979721,47
900,25,500,0.09105939958458734,0.3162400906002265,0.09697795659303665,38
900,50,500,0.1098747563199747,0.46109475273688183,0.3214660882949829,35
900,100,500,0.13729116569408975,0.5908040770101926,0.5480692982673645,26
900,250,500,0.17484585832464808,0.638248395620989,0.738238513469696,18
900,500,500,0.6971323738614118,0.055145337863344655,0.6326534152030945,15
900,1000,500,0.7383226314188034,0.001041902604756512,0.5430936813354492,11
900,10,1000,0.7246805958889033,0.06381275953189883,0.521058201789856,13
900,25,1000,0.7219593089349676,0.04735371838429596,0.5067815780639648,13
900,50,1000,0.7238455202770737,0.05931294828237071,0.526915967464447,13
900,100,1000,0.7322531061227628,0.0016610041525103813,0.5751062035560608,12
900,250,1000,0.7298226057781779,0.009905624764061911,0.5772281289100647,12
900,500,1000,0.7385666508899521,0.00027180067950169877,0.5410541296005249,11
900,1000,1000,0.7383226314188034,0.001041902604756512,0.5430936813354492,11
900,10,2500,0.7593240982342863,0.056111740279350696,0.9082085490226746,6
900,25,2500,0.7593240982342863,0.056111740279350696,0.9082085490226746,6
900,50,2500,0.7593240982342863,0.056111740279350696,0.9082086086273193,6
900,100,2500,0.7593240982342863,0.056111740279350696,0.9082086086273193,6
900,250,2500,0.7593240982342863,0.056111740279350696,0.9082086682319641,6
900,500,2500,0.7593240982342863,0.056111740279350696,0.9082085490226746,6
900,1000,2500,0.7715563002151627,0.056111740279350696,0.9029347896575928,5
900,10,5000,0.8058775392888303,0.056111740279350696,0.9096373319625854,4
900,25,5000,0.8058775392888303,0.056111740279350696,0.9096373319625854,4
900,50,5000,0.8058775392888303,0.056111740279350696,0.9096375107765198,4
900,100,5000,0.8058775392888303,0.056111740279350696,0.9096373915672302,4
900,250,5000,0.8058775392888303,0.056111740279350696,0.9096373319625854,4
900,500,5000,0.8058775392888303,0.056111740279350696,0.9096373319625854,4
900,1000,5000,0.8058775392888303,0.056111740279350696,0.9096372723579407,4
900,10,10000,0.8880977969138371,0.056111740279350696,0.867767870426178,3
900,25,10000,0.8880977969138371,0.056111740279350696,0.8677676916122437,3
900,50,10000,0.8880977969138371,0.056111740279350696,0.8677679300308228,3
900,100,10000,0.8880977969138371,0.056111740279350696,0.8677677512168884,3
900,250,10000,0.8880977969138371,0.056111740279350696,0.8677678108215332,3
900,500,10000,0.8880977969138371,0.056111740279350696,0.8677678108215332,3
900,1000,10000,0.8880977969138371,0.056111740279350696,0.8677678108215332,3
900,10,15000,0.8880977969138371,0.056111740279350696,0.867767870426178,3
900,25,15000,0.8880977969138371,0.056111740279350696,0.867767870426178,3
900,50,15000,0.8880977969138371,0.056111740279350696,0.867767870426178,3
900,100,15000,0.8880977969138371,0.056111740279350696,0.8677679300308228,3
900,250,15000,0.8880977969138371,0.056111740279350696,0.8677677512168884,3
900,500,15000,0.8880977969138371,0.056111740279350696,0.8677678108215332,3
900,1000,15000,0.8880977969138371,0.056111740279350696,0.8677677512168884,3
900,10,20000,0.9585349501631963,0.32520951302378254,0.9699078798294067,2
900,25,20000,0.9585349501631963,0.32520951302378254,0.9699077606201172,2
900,50,20000,0.9585349501631963,0.32520951302378254,0.9699078798294067,2
900,100,20000,0.9585349501631963,0.32520951302378254,0.9699078798294067,2
900,250,20000,0.9585349501631963,0.32520951302378254,0.9699077606201172,2
900,500,20000,0.9585349501631963,0.32520951302378254,0.9699079394340515,2
900,1000,20000,0.9585349501631963,0.32520951302378254,0.9699077606201172,2
900,10,22000,0.0,1.0,,0
900,25,22000,0.0,1.0,,0
900,50,22000,0.0,1.0,,0
900,100,22000,0.0,1.0,,0
900,250,22000,0.0,1.0,,0
900,500,22000,0.0,1.0,,0
900,1000,22000,0.0,1.0,,0
1000,10,50,0.01643315953766267,0.14191015477538693,0.02483002282679081,404
1000,25,50,0.01921726399137826,0.19093997734994336,0.0760834813117981,381
1000,50,50,0.025895397258206415,0.25615704039260095,0.16692008078098297,328
1000,100,50,0.04509789287775534,0.3809739524348811,-850.0872802734375,190
1000,250,50,0.07265932969639333,0.6050132125330313,0.4413931369781494,64
1000,500,50,0.5029085326431563,0.4238731596828992,-0.10404776781797409,23
1000,1000,50,0.7368397232789389,0.009377123442808607,0.28825417160987854,11
1000,10,100,0.024880808773790175,0.17626274065685163,0.034871187061071396,231
1000,25,100,0.027755653666323314,0.2198867497168743,0.049402397125959396,211
1000,50,100,0.042289678015092334,0.28259720649301623,0.13593973219394684,190
1000,100,100,0.04992613409707337,0.3803397508493771,0.2970105707645416,162
1000,250,100,0.07276136501271586,0.6088637221593054,0.46250972151756287,59
1000,500,100,0.4901543669986243,0.3223707059267648,-0.043115753680467606,19
1000,1000,100,0.7368397232789389,0.009377123442808607,0.2882542014122009,11
1000,10,250,0.04063467117294592,0.2298074745186863,0.006904220674186945,93
1000,25,250,0.047346815016847434,0.2840166100415251,0.08779482543468475,91
1000,50,250,0.0611684140722021,0.3203473008682522,0.13836389780044556,82
1000,100,250,0.06990580903798094,0.4123065307663269,0.2278633415699005,76
1000,250,250,0.09181588327986455,0.6054813137032843,0.4558033347129822,47
1000,500,250,0.688720726122643,0.05549263873159683,0.2736467123031616,15
1000,1000,250,0.7368397232789389,0.009377123442808607,0.2882542014122009,11
1000,10,500,0.08181447858303517,0.22221215553038884,0.03787505254149437,41
1000,25,500,0.18327493699372685,0.24404681011702528,-0.060083236545324326,33
1000,50,500,0.195801923194523,0.3132049830124575,0.01127577107399702,33
1000,100,500,0.13147028619438386,0.45063042657606645,0.2785709500312805,29
1000,250,500,0.20271836944279809,0.5975386938467346,0.7582399249076843,20
1000,500,500,0.688720726122643,0.05549263873159683,0.27364665269851685,15
1000,1000,500,0.7368397232789389,0.009377123442808607,0.2882542014122009,11
1000,10,1000,0.7240347142739498,0.020762551906379767,0.26072871685028076,13
1000,25,1000,0.738056047100303,0.00040770101925254813,0.2896825075149536,11
1000,50,1000,0.7259102062051627,0.02964137410343526,0.25399357080459595,12
1000,100,1000,0.7380290277730628,0.0005889014722536807,0.28955402970314026,11
1000,250,1000,0.7379933529636777,0.000845602114005285,0.28943607211112976,11
1000,500,1000,0.7378876827236144,0.0011476028690071726,0.2893885672092438,11
1000,1000,1000,0.7368397232789389,0.009377123442808607,0.28825414180755615,11
1000,10,2500,0.7645738400088093,0.025096262740656853,0.27935948967933655,6
1000,25,2500,0.7768278419464909,0.025096262740656853,0.32551291584968567,5
1000,50,2500,0.7768278419464909,0.025096262740656853,0.32551300525665283,5
1000,100,2500,0.7768278419464909,0.025096262740656853,0.32551297545433044,5
1000,250,2500,0.7768278419464909,0.025096262740656853,0.32551297545433044,5
1000,500,2500,0.7768278419464909,0.025096262740656853,0.32551291584968567,5
1000,1000,2500,0.7768278419464909,0.025096262740656853,0.32551291584968567,5
1000,10,5000,0.7768278419464909,0.025096262740656853,0.32551294565200806,5
1000,25,5000,0.7768278419464909,0.025096262740656853,0.3255130350589752,5
1000,50,5000,0.7768278419464909,0.025096262740656853,0.32551291584968567,5
1000,100,5000,0.7768278419464909,0.025096262740656853,0.32551300525665283,5
1000,250,5000,0.7768278419464909,0.025096262740656853,0.32551291584968567,5
1000,500,5000,0.7768278419464909,0.025096262740656853,0.32551294565200806,5
1000,1000,5000,0.7768278419464909,0.025096262740656853,0.32551291584968567,5
1000,10,10000,0.8399018342701509,0.12341260853152133,0.7020450830459595,3
1000,25,10000,0.8399018342701509,0.12341260853152133,0.7020449042320251,3
1000,50,10000,0.9230513177932969,0.025096262740656853,0.47848260402679443,3
1000,100,10000,0.8399018342701509,0.12341260853152133,0.7020450830459595,3
1000,250,10000,0.8399018342701509,0.12341260853152133,0.7020451426506042,3
1000,500,10000,0.8399018342701509,0.12341260853152133,0.7020450830459595,3
1000,1000,10000,0.8399018342701509,0.12341260853152133,0.7020451426506042,3
1000,10,15000,0.9577772915453642,0.32493771234428087,0.886457085609436,2
1000,25,15000,0.9577772915453642,0.32493771234428087,0.8864571452140808,2
1000,50,15000,0.9230513177932969,0.025096262740656853,0.4784826338291168,3
1000,100,15000,0.9577772915453642,0.32493771234428087,0.8864569664001465,2
1000,250,15000,0.9577772915453642,0.32493771234428087,0.8864569664001465,2
1000,500,15000,0.9577772915453642,0.32493771234428087,0.886457085609436,2
1000,1000,15000,0.9577772915453642,0.32493771234428087,0.8864569664001465,2
1000,10,20000,0.9577772915453642,0.32493771234428087,0.8864569664001465,2
1000,25,20000,0.9577772915453642,0.32493771234428087,0.8864569664001465,2
1000,50,20000,0.9577772915453642,0.32493771234428087,0.8864571452140808,2
1000,100,20000,0.9577772915453642,0.32493771234428087,0.8864569664001465,2
1000,250,20000,0.9577772915453642,0.32493771234428087,0.8864569664001465,2
1000,500,20000,0.9577772915453642,0.32493771234428087,0.8864569664001465,2
1000,1000,20000,0.9577772915453642,0.32493771234428087,0.8864569664001465,2
1000,10,22000,0.0,1.0,,0
1000,25,22000,0.0,1.0,,0
1000,50,22000,0.0,1.0,,0
1000,100,22000,0.0,1.0,,0
1000,250,22000,0.0,1.0,,0
1000,500,22000,0.0,1.0,,0
1000,1000,22000,0.0,1.0,,0
