random_seed,fold,split,n_sequences,n_single,n_double,n_triple_plus,pct_single,pct_double,pct_triple_plus,mean_mutations,std_mutations,min_mutations,max_mutations
0,1,train,52528,2855,21668,28005,5.43519646664636,41.25038074931465,53.31442278403898,2.839818763326226,1.1401239561751455,1,10
0,1,test,2267,731,1294,242,32.24525805028672,57.079841199823555,10.674900749889723,1.792236435818262,0.6415764664261788,1,5
0,1,excluded,47928,0,10935,36993,0.0,22.815473209814723,77.18452679018529,3.600421465531631,1.3367507907789797,2,10
0,2,train,52392,2872,21567,27953,5.481752939380058,41.16468163078332,53.353565429836614,2.83894487708047,1.1397352113440635,1,10
0,2,test,2261,714,1305,242,31.57894736842105,57.71782397169394,10.703228659885006,1.8045112781954886,0.652147130734241,1,5
0,2,excluded,48070,0,11025,37045,0.0,22.935302683586436,77.06469731641357,3.598418972332016,1.3372912258733867,2,10
0,3,train,55257,2872,22480,29905,5.197531534466222,40.682628445264854,54.119840020268924,2.8594024286515736,1.1442995171502153,1,9
0,3,test,2047,714,1137,196,34.88031265266243,55.54469956033219,9.574987787005373,1.757694186614558,0.6481028330056027,1,5
0,3,excluded,45419,0,10280,35139,0.0,22.633699553050484,77.36630044694951,3.6150950042933574,1.3447952356681954,2,10
0,4,train,48661,2844,20588,25229,5.844516142290541,42.30903598364193,51.84644787406752,2.797743572881774,1.1187794691317852,1,10
0,4,test,2665,742,1554,369,27.842401500938085,58.311444652908065,13.846153846153847,1.878424015009381,0.6778758847647597,1,5
0,4,excluded,51397,0,11755,39642,0.0,22.870984687822247,77.12901531217776,3.5925637683133256,1.3325628816442365,2,10
0,5,train,52993,2901,21917,28175,5.474307927462117,41.35829260468364,53.167399467854246,2.835714150925594,1.1389734555662983,1,10
0,5,test,2136,685,1239,212,32.069288389513105,58.00561797752809,9.925093632958802,1.7926029962546817,0.6502387660505313,1,5
0,5,excluded,47594,0,10741,36853,0.0,22.567970752615878,77.43202924738412,3.6074295079211667,1.3366672228865468,2,10
1,1,train,48507,2853,20405,25249,5.881625332426248,42.06609355350774,52.05228111406601,2.7981734595006906,1.1166351336300102,1,9
1,1,test,2726,733,1630,363,26.889214966984593,59.79457079970653,13.316214233308877,1.8826118855465883,0.6691054143631234,1,6
1,1,excluded,51490,0,11862,39628,0.0,23.037483006409012,76.962516993591,3.5915906001165276,1.334416460245329,2,10
1,2,train,52536,2877,21685,27974,5.476244860666971,41.27645804781483,53.2472970915182,2.8378064565250494,1.1420615765972502,1,10
1,2,test,2290,709,1328,253,30.960698689956335,57.99126637554585,11.048034934497815,1.8126637554585152,0.6510430834795768,1,5
1,2,excluded,47897,0,10884,37013,0.0,22.72376140468088,77.27623859531913,3.602647347433033,1.3344239949503987,2,10
1,3,train,52587,2867,21818,27902,5.451917774354879,41.489341472226975,53.05874075341814,2.8301861676840283,1.1311035915952288,1,10
1,3,test,2314,719,1341,254,31.07173725151253,57.951598962834915,10.97666378565255,1.8102852203975799,0.6480191250347298,1,5
1,3,excluded,47822,0,10738,37084,0.0,22.45410062314416,77.54589937685584,3.612856007695203,1.3393384359752591,2,10
1,4,train,56184,2874,22749,30561,5.115335326783426,40.49017513882956,54.39448953438701,2.8686458778299873,1.1486935060920662,1,10
1,4,test,1964,712,1075,177,36.252545824847246,54.73523421588594,9.012219959266803,1.7423625254582484,0.6585005176245106,1,5
1,4,excluded,44575,0,10073,34502,0.0,22.597868760515986,77.40213123948402,3.6163768928771733,1.3462900134012552,2,10
1,5,train,52311,2873,21740,27698,5.492152702108543,41.55913670164975,52.94871059624171,2.836153007971555,1.1425400910067558,1,10
1,5,test,2290,713,1332,245,31.1353711790393,58.16593886462882,10.698689956331878,1.8074235807860262,0.646817468878637,1,5
1,5,excluded,48122,0,10825,37297,0.0,22.494908773533933,77.50509122646606,3.6011179917709155,1.3328987234375986,2,10
2,1,train,49178,2846,20543,25789,5.7871405913213225,41.7727439098784,52.440115498800274,2.8077188986945383,1.1212965295746133,1,10
2,1,test,2703,740,1629,334,27.37698853126156,60.26637069922308,12.356640769515353,1.8682944876063634,0.6632671847288188,1,5
2,1,excluded,50842,0,11725,39117,0.0,23.061641949569253,76.93835805043075,3.592816962353959,1.3350634491196152,2,10
2,2,train,55061,2884,22445,29732,5.237827137175133,40.76388006029676,53.998292802528105,2.858266286482265,1.1465024090328622,1,10
2,2,test,2061,702,1148,211,34.06113537117904,55.70111596312469,10.237748665696264,1.7763221737020864,0.6644375111684875,1,6
2,2,excluded,45601,0,10304,35297,0.0,22.595995701848643,77.40400429815135,3.612947084493761,1.3424309737587703,2,10
2,3,train,52915,2875,21990,28050,5.43324199187376,41.55721440045356,53.00954360767268,2.830104885193234,1.131466416173545,1,9
2,3,test,2160,711,1231,218,32.916666666666664,56.99074074074074,10.092592592592593,1.7805555555555554,0.6404509888631623,1,5
2,3,excluded,47648,0,10676,36972,0.0,22.405977165883144,77.59402283411686,3.6138557756883816,1.3392917567466807,2,10
2,4,train,50001,2860,20854,26287,5.719885602287954,41.70716585668286,52.57294854102918,2.8163836723265536,1.1306453036812858,1,10
2,4,test,2523,726,1488,309,28.77526753864447,58.97740784780024,12.247324613555291,1.8513674197384067,0.6660508796163949,1,6
2,4,excluded,50199,0,11555,38644,0.0,23.01838682045459,76.9816131795454,3.5917249347596565,1.332711182797273,2,10
2,5,train,54806,2879,22452,29475,5.2530744808962515,40.96631755647192,53.780607962631834,2.8537568879319783,1.1431884928745368,1,9
2,5,test,2006,707,1097,202,35.244267198404785,54.68594217347956,10.069790628115653,1.761714855433699,0.6638732314578704,1,5
2,5,excluded,45911,0,10348,35563,0.0,22.53926074361264,77.46073925638736,3.6125765067195226,1.3429721777936472,2,10
